{
  "name": "video",
  "version": [
    {
      "name": "v3.0"
    }
  ],
  "supportedDevices": ["phone", "tablet", "tv"],
  "description": [
    {
      "name": "The <video> component provides a video player.",
      "supportedDevices": ["phone", "tablet", "tv"]
    }
  ],
  "attributes": [
    {
      "name": "muted",
      "supportedDevices": ["phone", "tablet", "tv"],
      "required": false,
      "description": [
        {
          "name": "Whether a video is muted.",
          "supportedDevices": ["phone", "tablet", "tv"]
        }
      ],
      "type": "enum",
      "options": [
        {
          "name": "true"
        },
        {
          "name": "false"
        }
      ]
    },
    {
      "name": "src",
      "supportedDevices": ["phone", "tablet", "tv"],
      "required": false,
      "description": [
        {
          "name": "URI of the video content to play.",
          "supportedDevices": ["phone", "tablet", "tv"]
        }
      ],
      "type": "url"
    },
    {
      "name": "autoplay",
      "supportedDevices": ["phone", "tablet", "tv"],
      "required": false,
      "description": [
        {
          "name": "Whether a video is played automatically after being rendered.",
          "supportedDevices": ["phone", "tablet", "tv"]
        }
      ],
      "type": "enum",
      "options": [
        {
          "name": "true"
        },
        {
          "name": "false"
        }
      ]
    },
    {
      "name": "poster",
      "supportedDevices": ["phone", "tablet", "tv"],
      "required": false,
      "description": [
        {
          "name": "Preview poster of a video.",
          "supportedDevices": ["phone", "tablet", "tv"]
        }
      ],
      "type": "url"
    },
    {
      "name": "loop",
      "supportedDevices": ["phone", "tablet", "tv"],
      "version": [
        {
          "name": "v6.0"
        }
      ],
      "required": false,
      "description": [
        {
          "name": "Whether the video play from the beginning.",
          "supportedDevices": ["phone", "tablet", "tv"]
        }
      ],
      "type": "enum",
      "options": [
        {
          "name": "true"
        },
        {
          "name": "false"
        }
      ]
    },
    {
      "name": "controls",
      "supportedDevices": ["phone", "tablet", "tv"],
      "required": false,
      "description": [
        {
          "name": "Whether the control bar is displayed during video playback. If the value is set to false, the control bar is not displayed. The default value is true, and the platform can either show or hide the control bar.",
          "supportedDevices": ["phone", "tablet", "tv"]
        }
      ],
      "type": "enum",
      "options": [
        {
          "name": "true"
        },
        {
          "name": "false"
        }
      ]
    },
    {
      "name": "starttime",
      "supportedDevices": ["phone", "tablet", "tv"],
      "version": [
        {
          "name": "v6.0"
        }
      ],
      "required": false,
      "description": [
        {
          "name": "Where the video starts playing.",
          "supportedDevices": ["phone", "tablet", "tv"]
        }
      ],
      "type": "string"
    },
    {
      "name": "speed",
      "supportedDevices": ["phone", "tablet", "tv"],
      "version": [
        {
          "name": "v6.0"
        }
      ],
      "required": false,
      "description": [
        {
          "name": "Controls the video playback speed. A larger value indicates a faster video playback speed.The value ranges from 0.1 to 20.0. The precision is float.",
          "supportedDevices": ["phone", "tablet", "tv"]
        }
      ],
      "type": "number"
    },
    {
      "name": "id",
      "supportedDevices": ["phone", "tablet", "tv"],
      "required": false,
      "description": [
        {
          "name": "Unique ID of a component.",
          "supportedDevices": ["phone", "tablet", "tv"]
        }
      ],
      "type": "string"
    },
    {
      "name": "style",
      "supportedDevices": ["phone", "tablet", "tv"],
      "required": false,
      "description": [
        {
          "name": "Style declaration of a component.",
          "supportedDevices": ["phone", "tablet", "tv"]
        }
      ],
      "type": "string"
    },

    {
      "name": "class",
      "supportedDevices": ["phone", "tablet", "tv"],
      "required": false,
      "description": [
        {
          "name": "Style class of a component, which is used to refer to a style table.",
          "supportedDevices": ["phone", "tablet", "tv"]
        }
      ],
      "type": "string"
    },
    {
      "name": "ref",
      "supportedDevices": ["phone", "tablet", "tv"],
      "required": false,
      "description": [
        {
          "name": "Used to register reference information for elements or child components. The reference information is registered with the parent component on $refs.",
          "supportedDevices": ["phone", "tablet", "tv"]
        }
      ],
      "type": "string"
    },
    {
      "name": "disabled",
      "supportedDevices": ["phone", "tablet", "tv"],
      "required": false,
      "description": [
        {
          "name": "Whether the component is disabled. If the component is disabled, the component cannot respond to user interaction.",
          "supportedDevices": ["phone", "tablet", "tv"]
        }
      ],
      "type": "enum",
      "options": [
        {
          "name": "true"
        },
        {
          "name": "false"
        }
      ]
    },
    {
      "name": "focusable",
      "supportedDevices": ["phone", "tablet", "tv"],
      "required": false,
      "description": [
        {
          "name": "Whether the component can gain the focus. When focusable is set to true, the component can gain the focus if there is a focusable child component. If this attribute is set to false, the component and its child components cannot gain the focus.",
          "supportedDevices": ["phone", "tablet", "tv"]
        }
      ],
      "type": "enum",
      "options": [
        {
          "name": "true"
        },
        {
          "name": "false"
        }
      ]
    },
    {
      "name": "data-*",
      "supportedDevices": ["phone", "tablet", "tv"],
      "required": false,
      "description": [
        {
          "name": "Attribute set for components to facilitate data storage and reading.",
          "supportedDevices": ["phone", "tablet", "tv"]
        }
      ],
      "type": "string"
    },
    {
      "name": "voicelabel",
      "supportedDevices": ["phone", "tablet", "tv"],
      "required": false,
      "description": [
        {
          "name": "Voice label. When a voice label is triggered, the click event of the component is triggered. NOTE: The voice label takes effect only when the click event is set.",
          "supportedDevices": ["phone", "tablet", "tv"]
        }
      ],
      "type": "string"
    },
    {
      "name": "subscriptflag",
      "supportedDevices": ["phone", "tablet", "tv"],
      "required": false,
      "description": [
        {
          "name": "Voice subscript switch. Available values are as follows: auto: For the <image> and <list-item> components, if subscriptflag is set to auto, the voice subscript is turned on. For other components, if subscriptflag is set to auto, the voice subscript is turned off. on: Turn on the voice subscript. off: Turn off the voice subscript. If no customized subscript is set, the subscript is automatically accumulated from 1. NOTE The voice subscript takes effect only when the click event is set.",
          "supportedDevices": ["phone", "tablet", "tv"]
        }
      ],
      "type": "enum",
      "options": [
        {
          "name": "auto"
        },
        {
          "name": "on"
        },
        {
          "name": "off"
        }
      ]
    },
    {
      "name": "subscriptlabel",
      "supportedDevices": ["phone", "tablet", "tv"],
      "required": false,
      "description": [
        {
          "name": "Custom subscript. After it is set, the subscript is displayed in the way you specified. To make this attribute take effect, you need to turn on the voice subscript.",
          "supportedDevices": ["phone", "tablet", "tv"]
        }
      ],
      "type": "string"
    },
    {
      "name": "scenelabel",
      "supportedDevices": ["phone", "tablet", "tv"],
      "required": false,
      "description": [
        {
          "name": "Available values are as follows: video: Video scenario. For example, to watch a video, a user can say the voiceLabel (usually the video name), play voiceLabel, see voiceLabel, or watch voiceLabel, etc. audio: Music scenario. For example, to listen to a song, a user can say the voiceLabel (usually the song name), play voiceLabel, or listen voiceLabel, etc. page: Page scenario. For example, to go to a page, a user can say the voiceLabel (usually the page name), switch to voiceLabel, go to voiceLabel, or jump to voiceLabel, etc. switch: Switch scenario. For example, to turn on or turn off a switch, a user can say the voiceLabel (usually the switch name), turn on voiceLabel, open voiceLabel, turn off voiceLabel, close voiceLabel, etc. common: Common scenario, which is triggered by the voiceLabel.",
          "supportedDevices": ["phone", "tablet", "tv"]
        }
      ],
      "type": "enum",
      "options": [
        {
          "name": "video"
        },
        {
          "name": "audio"
        },
        {
          "name": "page"
        },
        {
          "name": "switch"
        },
        {
          "name": "common"
        }
      ]
    },
    {
      "name": "accessibilitygroup",
      "supportedDevices": ["phone", "tablet", "tv"],
      "required": false,
      "description": [
        {
          "name": "Accessibility group. If this attribute is set to true, the component and all its child components form an entire selectable component, and the accessibility service will no longer available for the content of its child components.",
          "supportedDevices": ["phone", "tablet", "tv"]
        }
      ],
      "type": "enum",
      "options": [
        {
          "name": "true"
        },
        {
          "name": "false"
        }
      ]
    },
    {
      "name": "accessibilitytext",
      "supportedDevices": ["phone", "tablet", "tv"],
      "required": false,
      "description": [
        {
          "name": "Accessibility text. If a component does not contain text information, it will not be read when the component is selected by the screen reader. In this case, the screen reader user cannot know which component is selected. To solve this problem, you can set this attribute for components without text information. When the component is selected by the screen reader, the specified accessibility text will be read, informing the user which component is selected. If a component with this attribute set contains text information, only the accessibility text will be read.",
          "supportedDevices": ["phone", "tablet", "tv"]
        }
      ],
      "type": "string"
    },
    {
      "name": "accessibilitydescription",
      "supportedDevices": ["phone", "tablet", "tv"],
      "required": false,
      "description": [
        {
          "name": "Accessibility description. You can specify further explanation of the current component, for example, possible operation consequences, especially those cannot be learned from component attributes and accessibility text. You can set a detailed description text for the attribute of the component to help users understand the operation to be performed. If a component contains both text information and the accessibility description, the text is read first and then the accessibility description, when the component is selected.",
          "supportedDevices": ["phone", "tablet", "tv"]
        }
      ],
      "type": "string"
    },
    {
      "name": "accessibilityimportance",
      "supportedDevices": ["phone", "tablet", "tv"],
      "required": false,
      "description": [
        {
          "name": "Accessibility importance, which is used to decide whether a component can be identified by the accessibility service. The value can be auto, yes, no, or no-hide-descendants. The last value forces the screen reader to ignore the current component and all its subcomponents. yes: The current component is selectable for the accessibility service. no: The current component is not selectable for the accessibility service.",
          "supportedDevices": ["phone", "tablet", "tv"]
        }
      ],
      "type": "string"
    },
    {
      "name": "for",
      "supportedDevices": ["phone", "tablet", "tv"],
      "required": false,
      "description": [
        {
          "name": "Expands the current element based on the configured data list.",
          "supportedDevices": ["phone", "tablet", "tv"]
        }
      ],
      "type": "string"
    },
    {
      "name": "tid",
      "supportedDevices": ["phone", "tablet", "tv"],
      "required": false,
      "description": [
        {
          "name": "The tid attribute is used to accelerate the for loop. It is used to improve the re-rendering efficiency when data in a loop changes. The tid attribute specifies the unique ID of each element in the array. If it is not specified, the index of each element in the array is used as the ID. For example, tid='id' indicates that the id attribute of each element is its unique identifier.",
          "supportedDevices": ["phone", "tablet", "tv"]
        }
      ],
      "type": "string"
    },
    {
      "name": "if",
      "supportedDevices": ["phone", "tablet", "tv"],
      "required": false,
      "description": [
        {
          "name": "Whether the element is added or removed.",
          "supportedDevices": ["phone", "tablet", "tv"]
        }
      ],
      "type": "enum",
      "options": [
        {
          "name": "true"
        },
        {
          "name": "false"
        }
      ]
    },
    {
      "name": "elif",
      "supportedDevices": ["phone", "tablet", "tv"],
      "required": false,
      "description": [],
      "type": "enum",
      "options": [
        {
          "name": "true"
        },
        {
          "name": "false"
        }
      ]
    },
    {
      "name": "else",
      "supportedDevices": ["phone", "tablet", "tv"],
      "required": false,
      "description": [],
      "type": "string"
    },
    {
      "name": "show",
      "supportedDevices": ["phone", "tablet", "tv"],
      "required": false,
      "description": [
        {
          "name": "Whether the element is displayed or hidden.",
          "supportedDevices": ["phone", "tablet", "tv"]
        }
      ],
      "type": "enum",
      "options": [
        {
          "name": "true"
        },
        {
          "name": "false"
        }
      ]
    }
  ],
  "events": [
    {
      "name": "prepared",
      "supportedDevices": ["phone", "tablet", "tv"],
      "description": [
        {
          "name": "Triggered when a video preparation is complete.",
          "supportedDevices": ["phone", "tablet", "tv"]
        }
      ]
    },
    {
      "name": "start",
      "supportedDevices": ["phone", "tablet", "tv"],
      "description": [
        {
          "name": "Triggered when a video is played.",
          "supportedDevices": ["phone", "tablet", "tv"]
        }
      ]
    },
    {
      "name": "pause",
      "supportedDevices": ["phone", "tablet", "tv"],
      "description": [
        {
          "name": "Triggered when a video is paused.",
          "supportedDevices": ["phone", "tablet", "tv"]
        }
      ]
    },
    {
      "name": "finish",
      "supportedDevices": ["phone", "tablet", "tv"],
      "description": [
        {
          "name": "Triggered when the video finishes playing.",
          "supportedDevices": ["phone", "tablet", "tv"]
        }
      ]
    },
    {
      "name": "error",
      "supportedDevices": ["phone", "tablet", "tv"],
      "description": [
        {
          "name": "Triggered when the playback fails.",
          "supportedDevices": ["phone", "tablet", "tv"]
        }
      ]
    },
    {
      "name": "seeking",
      "supportedDevices": ["phone", "tablet", "tv"],
      "description": [
        {
          "name": "Triggered to report time information when the progress bar is being dragged.",
          "supportedDevices": ["phone", "tablet", "tv"]
        }
      ]
    },
    {
      "name": "seeked",
      "supportedDevices": ["phone", "tablet", "tv"],
      "description": [
        {
          "name": "Triggered to report playback time information when the user finishes dragging the progress bar.",
          "supportedDevices": ["phone", "tablet", "tv"]
        }
      ]
    },
    {
      "name": "timeupdate",
      "supportedDevices": ["phone", "tablet", "tv"],
      "description": [
        {
          "name": "Triggered once per 250 ms when the playing progress changes.",
          "supportedDevices": ["phone", "tablet", "tv"]
        }
      ]
    },
    {
      "name": "fullscreenchange",
      "supportedDevices": ["phone", "tablet", "tv"],
      "description": [
        {
          "name": "Triggered when a video enters or exits the full screen mode.",
          "supportedDevices": ["phone", "tablet", "tv"]
        }
      ]
    },
    {
      "name": "touchstart",
      "supportedDevices": ["phone", "tablet", "tv"],
      "description": [
        {
          "name": "Triggered when the tapping starts.",
          "supportedDevices": ["phone", "tablet", "tv"]
        }
      ]
    },
    {
      "name": "touchmove",
      "supportedDevices": ["phone", "tablet", "tv"],
      "description": [
        {
          "name": "Triggered when the tapping moves.",
          "supportedDevices": ["phone", "tablet", "tv"]
        }
      ]
    },
    {
      "name": "touchcancel",
      "supportedDevices": ["phone", "tablet", "tv"],
      "description": [
        {
          "name": "Triggered when the tapping is interrupted.",
          "supportedDevices": ["phone", "tablet", "tv"]
        }
      ]
    },
    {
      "name": "touchend",
      "supportedDevices": ["phone", "tablet", "tv"],
      "description": [
        {
          "name": "Triggered when the tapping ends.",
          "supportedDevices": ["phone", "tablet", "tv"]
        }
      ]
    },
    {
      "name": "focus",
      "supportedDevices": ["phone", "tablet", "tv"],
      "description": [
        {
          "name": "Triggered when the component gains focus. The <span> component cannot gain focus.",
          "supportedDevices": ["phone", "tablet", "tv"]
        }
      ]
    },
    {
      "name": "key",
      "supportedDevices": ["phone", "tablet", "tv"],
      "description": [
        {
          "name": "The key event is specific to smart TVs and is triggered when a user presses a key on the remote control. If the return value is true, the page processes the key event; If the return value is false, the default key event processing logic is used; If no value is returned, false is used as the return value.",
          "supportedDevices": ["phone", "tablet", "tv"]
        }
      ]
    },
    {
      "name": "swipe",
      "supportedDevices": ["phone", "tablet", "tv"],
      "description": [
        {
          "name": "Triggered when a user quickly slides on a component.",
          "supportedDevices": ["phone", "tablet", "tv"]
        }
      ]
    },
    {
      "name": "accessibility",
      "supportedDevices": ["phone", "tablet", "tv"],
      "description": [
        {
          "name": "Event dispatched by the accessibility service.",
          "supportedDevices": ["phone", "tablet", "tv"]
        }
      ]
    },
    {
      "name": "click",
      "supportedDevices": ["phone", "tablet", "tv"],
      "description": [
        {
          "name": "Triggered when a component is clicked.",
          "supportedDevices": ["phone", "tablet", "tv"]
        }
      ]
    },
    {
      "name": "longpress",
      "supportedDevices": ["phone", "tablet", "tv"],
      "description": [
        {
          "name": "Triggered when a component is long pressed.",
          "supportedDevices": ["phone", "tablet", "tv"]
        }
      ]
    },
    {
      "name": "blur",
      "supportedDevices": ["phone", "tablet", "tv"],
      "description": [
        {
          "name": "Triggered when the component loses focus. The <span> component cannot lose focus.",
          "supportedDevices": ["phone", "tablet", "tv"]
        }
      ]
    },
    {
      "name": "attached",
      "supportedDevices": ["phone", "tablet", "tv", "wearable"],
      "description": [
        {
          "name": "The event will be called when the render node is attached on the tree.",
          "supportedDevices": ["phone", "tablet", "tv", "wearable"]
        }
      ]
    },
    {
      "name": "detached",
      "supportedDevices": ["phone", "tablet", "tv", "wearable"],
      "description": [
        {
          "name": "The event will be called when the render node is detached on the tree.",
          "supportedDevices": ["phone", "tablet", "tv", "wearable"]
        }
      ]
    }
  ],
  "supportedSubComponents": false,
  "supportedSubComponentsRestriction": [],
  "unSupportSubComponentsRestriction": [],
  "parentComponentsRestriction": []
}
