{
  "name": "image-animator",
  "version": [
    {
      "name": "v3.0"
    }
  ],
  "supportedDevices": ["phone", "tablet", "tv", "liteWearable", "wearable", "smartVision"],
  "description": [
    {
      "name": "The <image-animator> component is used to provide an image frame animator.",
      "supportedDevices": ["phone", "tablet", "tv", "liteWearable", "wearable", "smartVision"]
    }
  ],
  "attributes": [
    {
      "name": "images",
      "supportedDevices": ["phone", "tablet", "tv", "liteWearable", "wearable", "smartVision"],
      "required": true,
      "description": [
        {
          "name": "Image frame information. The frame information includes the image path, size, and location. Currently, the following image formats are supported: PNG, JPG, and BMP. For details about ImageFrame, see Table 1-31. NOTE Use the data binding mode, for example, images = {{images}}. Declare the corresponding variable images: [{src: '/common/heart-rate01.png'}, {src: '/common/heart-rate02.png'}] in the JavaScript.",
          "supportedDevices": ["phone", "tablet", "tv", "liteWearable", "wearable", "smartVision"]
        }
      ],
      "type": "string"
    },
    {
      "name": "predecode",
      "supportedDevices": ["phone", "tablet", "tv","wearable"],
      "version": [
        {
          "name": "v6.0"
        }
      ],
      "required": false,
      "description": [
        {
          "name": "Whether to enable pre-decoding. The default value is 0, indicating that pre-decoding is disabled. If this parameter is set to 2, the last two images are loaded to the cache in advance to improve the performance when the current page is played.",
          "supportedDevices": ["phone", "tablet", "tv", "wearable"]
        }
      ],
      "type": "string"
    },
    {
      "name": "iteration",
      "supportedDevices": ["phone", "tablet", "tv", "liteWearable", "wearable", "smartVision"],
      "required": false,
      "description": [
        {
          "name": "Number of times that the frame animation is played. number indicates a fixed number of playback operations, and infinite indicates an unlimited number of playback operations.",
          "supportedDevices": ["phone", "tablet", "tv", "liteWearable", "wearable", "smartVision"]
        }
      ],
      "type": "enum",
      "options": [
        {
          "name": "number"
        },
        {
          "name": "infinite"
        }
      ]
    },
    {
      "name": "reverse",
      "supportedDevices": ["phone", "tablet", "tv", "liteWearable", "wearable", "smartVision"],
      "required": false,
      "description": [
        {
          "name": "Playback sequence. The value false indicates that images are played from the first one to the last one, and true indicates that images are played from the last one to the first one.",
          "supportedDevices": ["phone", "tablet", "tv", "liteWearable", "wearable", "smartVision"]
        }
      ],
      "type": "enum",
      "options": [
        {
          "name": "true"
        },
        {
          "name": "false"
        }
      ]
    },
    {
      "name": "fixedsize",
      "supportedDevices": ["phone", "tablet", "tv", "liteWearable", "wearable", "smartVision"],
      "required": false,
      "description": [
        {
          "name": "Whether the image size is fixed to the widget size. true: The image size is the same as the widget size. In this case, the width, height, top, and left attributes of the image are invalid. false: The width, height, top, and left attributes of each image must be set separately.",
          "supportedDevices": ["phone", "tablet", "tv", "liteWearable", "wearable", "smartVision"]
        }
      ],
      "type": "enum",
      "options": [
        {
          "name": "true"
        },
        {
          "name": "false"
        }
      ]
    },
    {
      "name": "duration",
      "supportedDevices": ["phone", "tablet", "tv", "liteWearable", "wearable", "smartVision"],
      "required": true,
      "description": [
        {
          "name": "Single video playback duration. The unit can be s (standing for seconds) or ms. The default unit is ms. If the value is 0, no image is played. The value change takes effect only at the start of the next cycle.",
          "supportedDevices": ["phone", "tablet", "tv", "liteWearable", "wearable", "smartVision"]
        }
      ],
      "type": "string"
    },
    {
      "name": "fillmode",
      "supportedDevices": ["phone", "tablet", "tv", "liteWearable", "wearable", "smartVision"],
      "version": [
        {
          "name": "v5.0"
        }
      ],
      "required": false,
      "description": [
        {
          "name": "Status of the frame animation after its playback is complete. Available values are as follows:\nnone: Restores to the initial status.forwards: Retains the ending status defined for the last key frame.",
          "supportedDevices": ["phone", "tablet", "tv", "liteWearable", "wearable", "smartVision"]
        }
      ],
      "type": "enum",
      "options": [
        {
          "name": "forwards"
        },
        {
          "name": "none"
        }
      ]

    },
    {
      "name": "shareid",
      "supportedDevices": ["phone", "tablet", "tv", "wearable"],
      "required": false,
      "description": [
        {
          "name": "Used for the transition of shared elements and takes effect only when it is configured. This attribute cannot be modified after being set. list-item, image, text, button, label components are supported for the transition of shared elements.",
          "supportedDevices": ["phone", "tablet", "tv", "wearable"]
        }
      ],
      "type": "string"
    },
    {
      "name": "id",
      "supportedDevices": [
        "phone",
        "tablet",
        "tv",
        "liteWearable",
        "wearable",
        "smartVision"
      ],
      "required": false,
      "version": [
        {
          "name": "v4.0"
        }
      ],
      "description": [
        {
          "name": "Unique ID of a component.",
          "supportedDevices": [
            "phone",
            "tablet",
            "tv",
            "liteWearable",
            "wearable",
            "smartVision"
          ]
        }
      ],
      "type": "string"
    },
    {
      "name": "style",
      "supportedDevices": [
        "phone",
        "tablet",
        "tv",
        "liteWearable",
        "wearable",
        "smartVision"
      ],
      "required": false,
      "version": [
        {
          "name": "v4.0"
        }
      ],
      "description": [
        {
          "name": "Style declaration of a component.",
          "supportedDevices": [
            "phone",
            "tablet",
            "tv",
            "liteWearable",
            "wearable",
            "smartVision"
          ]
        }
      ],
      "type": "string"
    },
    {
      "name": "class",
      "supportedDevices": [
        "phone",
        "tablet",
        "tv",
        "liteWearable",
        "wearable",
        "smartVision"
      ],
      "required": false,
      "version": [
        {
          "name": "v4.0"
        }
      ],
      "description": [
        {
          "name": "Style class of a component, which is used to refer to a style table.",
          "supportedDevices": [
            "phone",
            "tablet",
            "tv",
            "liteWearable",
            "wearable",
            "smartVision"
          ]
        }
      ],
      "type": "string"
    },
    {
      "name": "ref",
      "supportedDevices": [
        "phone",
        "tablet",
        "tv",
        "liteWearable",
        "wearable",
        "smartVision"
      ],
      "required": false,
      "version": [
        {
          "name": "v4.0"
        }
      ],
      "description": [
        {
          "name": "Used to register reference information of child elements or child components. The reference information is registered with the parent component on $refs.",
          "supportedDevices": [
            "phone",
            "tablet",
            "tv",
            "liteWearable",
            "wearable",
            "smartVision"
          ]
        }
      ],
      "type": "string"
    },
    {
      "name": "disabled",
      "supportedDevices": [
        "phone",
        "tablet",
        "tv",
        "wearable"
      ],
      "required": false,
      "version": [
        {
          "name": "v4.0"
        }
      ],
      "description": [
        {
          "name": "Whether a component is disabled. If it is disabled, it cannot respond to user interaction.",
          "supportedDevices": [
            "phone",
            "tablet",
            "tv",
            "wearable"
          ]
        }
      ],
      "type": "enum",
      "options": [
        {
          "name": "true"
        },
        {
          "name": "false"
        }
      ]
    },
    {
      "name": "focusable",
      "supportedDevices": [
        "phone",
        "tablet",
        "tv",
        "wearable"
      ],
      "required": false,
      "version": [
        {
          "name": "v4.0"
        }
      ],
      "description": [
        {
          "name": "Whether a component can gain focus. When focusable is set to true, the component can respond to focus events and key events. If a key event or click event is set for the component, this attribute is set to true automatically.",
          "supportedDevices": [
            "phone",
            "tablet",
            "tv",
            "wearable"
          ]
        }
      ],
      "type": "enum",
      "options": [
        {
          "name": "true"
        },
        {
          "name": "false"
        }
      ]
    },
    {
      "name": "data-*",
      "supportedDevices": [
        "phone",
        "tablet",
        "tv",
        "wearable"
      ],
      "required": false,
      "version": [
        {
          "name": "v4.0"
        }
      ],
      "description": [
        {
          "name": "Attribute set for a component to facilitate data storage and reading.",
          "supportedDevices": [
            "phone",
            "tablet",
            "tv",
            "wearable"
          ]
        }
      ],
      "type": "string"
    },
    {
      "name": "click-effect",
      "supportedDevices": [
        "phone",
        "tablet",
        "tv",
        "wearable"
      ],
      "required": false,
      "version": [
        {
          "name": "v5.0"
        }
      ],
      "description": [
        {
          "name": "Click effect complying with spring physics. Available values are as follows:\nspring-small: The button icon scales down to 90% of its size when it is selected. This is appropriate for small icons.\nspring-medium: The component scales down to 95% of its size when it is selected. This is appropriate for medium-sized components.spring-large: The button icon scales down and up by 95% of its size, which is appropriate to large icons.",
          "supportedDevices": [
            "phone",
            "tablet",
            "tv",
            "wearable"
          ]
        }
      ],
      "type": "enum",
      "options": [
        {
          "name": "spring-small"
        },
        {
          "name": "spring-medium"
        },
        {
          "name": "spring-large"
        }
      ]
    },
    {
      "name": "voicelabel",
      "supportedDevices": [
        "phone",
        "tablet",
        "tv",
        "wearable"
      ],
      "required": false,
      "version": [
        {
          "name": "v4.0"
        }
      ],
      "description": [
        {
          "name": "Voice label. When a voice label is triggered, the click event of the component is triggered.",
          "supportedDevices": [
            "phone",
            "tablet",
            "tv",
            "wearable"
          ]
        }
      ],
      "type": "string"
    },
    {
      "name": "subscriptflag",
      "supportedDevices": [
        "phone",
        "tablet",
        "tv",
        "wearable"
      ],
      "required": false,
      "version": [
        {
          "name": "v4.0"
        }
      ],
      "description": [
        {
          "name": "Voice subscript switch. Available values are as follows:\nauto: For the <image> and <list-item> components, if subscriptflag is set to auto, the voice subscript is turned on. For other components, if subscriptflag is set to auto, the voice subscript is turned off.\non: Turn on the voice subscript.\noff: Turn off the voice subscript.If no customized subscript is set, the subscript is automatically accumulated from 1.",
          "supportedDevices": [
            "phone",
            "tablet",
            "tv",
            "wearable"
          ]
        }
      ],
      "type": "enum",
      "options": [
        {
          "name": "auto"
        },
        {
          "name": "on"
        },
        {
          "name": "off"
        }
      ]
    },
    {
      "name": "subscriptlabel",
      "supportedDevices": [
        "phone",
        "tablet",
        "tv",
        "wearable"
      ],
      "required": false,
      "version": [
        {
          "name": "v4.0"
        }
      ],
      "description": [
        {
          "name": "Custom subscript. After it is set, the subscript is displayed in the way you specified. To make this attribute take effect, you need to turn on the voice subscript.",
          "supportedDevices": [
            "phone",
            "tablet",
            "tv",
            "wearable"
          ]
        }
      ],
      "type": "string"
    },
    {
      "name": "scenelabel",
      "supportedDevices": [
        "phone",
        "tablet",
        "tv",
        "wearable"
      ],
      "required": false,
      "version": [
        {
          "name": "v4.0"
        }
      ],
      "description": [
        {
          "name": "Available values are as follows:\nvideo: Video scenario. For example, to watch a video, a user can say the voiceLabel (usually the video name), play voiceLabel, see voiceLabel, or watch voiceLabel, etc.\naudio: Music scenario. For example, to listen to a song, a user can say the voiceLabel (usually the song name), play voiceLabel, or listen voiceLabel, etc.\npage: Page scenario. For example, to go to a page, a user can say the voiceLabel (usually the page name), switch to voiceLabel, go to voiceLabel, or jump to voiceLabel, etc.\nswitch: Switch scenario. For example, to turn on or turn off a switch, a user can say the voiceLabel (usually the switch name), turn on voiceLabel, open voiceLabel, turn off voiceLabel, close voiceLabel, etc.common: Common scenario, which is triggered by the voiceLabel.",
          "supportedDevices": [
            "phone",
            "tablet",
            "tv",
            "wearable"
          ]
        }
      ],
      "type": "enum",
      "options": [
        {
          "name": "video"
        },
        {
          "name": "audio"
        },
        {
          "name": "page"
        },
        {
          "name": "switch"
        },
        {
          "name": "common"
        }
      ]
    },
    {
      "name": "accessibilitygroup",
      "supportedDevices": [
        "phone",
        "tablet",
        "tv",
        "wearable"
      ],
      "required": false,
      "version": [
        {
          "name": "v4.0"
        }
      ],
      "description": [
        {
          "name": "Accessibility group. If this attribute is set to true, the component and all its child components form an entire selectable component, and the accessibility service will no longer available for the content of its child components.",
          "supportedDevices": [
            "phone",
            "tablet",
            "tv",
            "wearable"
          ]
        }
      ],
      "type": "enum",
      "options": [
        {
          "name": "true"
        },
        {
          "name": "false"
        }
      ]
    },
    {
      "name": "accessibilitytext",
      "supportedDevices": [
        "phone",
        "tablet",
        "tv",
        "wearable"
      ],
      "required": false,
      "version": [
        {
          "name": "v4.0"
        }
      ],
      "description": [
        {
          "name": "Accessibility text. If a component does not contain text information, it will not be read when the component is selected by the screen reader. In this case, the screen reader user cannot know which component is selected. To solve this problem, you can set this attribute for components without text information. When the component is selected by the screen reader, the specified accessibility text will be read, informing the user which component is selected. If a component with this attribute set contains text information, only the accessibility text will be read.",
          "supportedDevices": [
            "phone",
            "tablet",
            "tv",
            "wearable"
          ]
        }
      ],
      "type": "string"
    },
    {
      "name": "accessibilitydescription",
      "supportedDevices": [
        "phone",
        "tablet",
        "tv",
        "wearable"
      ],
      "required": false,
      "version": [
        {
          "name": "v4.0"
        }
      ],
      "description": [
        {
          "name": "Accessibility description. You can specify further explanation of the current component, for example, possible operation consequences, especially those cannot be learned from component attributes and accessibility text. You can set a detailed description text for the attribute of the component to help users understand the operation to be performed. If a component contains both text information and the accessibility description, the text is read first and then the accessibility description, when the component is selected.",
          "supportedDevices": [
            "phone",
            "tablet",
            "tv",
            "wearable"
          ]
        }
      ],
      "type": "string"
    },
    {
      "name": "accessibilityimportance",
      "supportedDevices": [
        "phone",
        "tablet",
        "tv",
        "wearable"
      ],
      "required": false,
      "version": [
        {
          "name": "v4.0"
        }
      ],
      "description": [
        {
          "name": "Accessibility importance, which is used to decide whether a component can be identified by the accessibility service. The value can be auto, yes, no, or no-hide-descendants. The last value forces the screen reader to ignore the current component and all its subcomponents.\nyes: The current component is selectable for the accessibility service.no: The current component is not selectable for the accessibility service.",
          "supportedDevices": [
            "phone",
            "tablet",
            "tv",
            "wearable"
          ]
        }
      ],
      "type": "string"
    },
    {
      "name": "for",
      "supportedDevices": [
        "phone",
        "tablet",
        "tv",
        "liteWearable",
        "wearable",
        "smartVision"
      ],
      "required": false,
      "version": [
        {
          "name": "v4.0"
        }
      ],
      "description": [
        {
          "name": "Expands the current element based on the configured data list.",
          "supportedDevices": [
            "phone",
            "tablet",
            "tv",
            "liteWearable",
            "wearable",
            "smartVision"
          ]
        }
      ],
      "type": "string"
    },
    {
      "name": "tid",
      "supportedDevices": [
        "phone",
        "tablet",
        "tv",
        "liteWearable",
        "wearable",
        "smartVision"
      ],
      "required": false,
      "version": [
        {
          "name": "v4.0"
        }
      ],
      "description": [
        {
          "name": "The tid attribute accelerates the for loop and improves the re-rendering efficiency when data in a loop changes.\nThe tid attribute specifies the unique ID of each element in the array. If it is not specified, the index of each element in the array is used as the ID. For example, tid=\"id\" indicates that the id attribute of each element is its unique ID.",
          "supportedDevices": [
            "phone",
            "tablet",
            "tv",
            "liteWearable",
            "wearable",
            "smartVision"
          ]
        }
      ],
      "type": "string"
    },
    {
      "name": "if",
      "supportedDevices": [
        "phone",
        "tablet",
        "tv",
        "liteWearable",
        "wearable",
        "smartVision"
      ],
      "required": false,
      "version": [
        {
          "name": "v4.0"
        }
      ],
      "description": [
        {
          "name": "Whether the element is added or removed.",
          "supportedDevices": [
            "phone",
            "tablet",
            "tv",
            "liteWearable",
            "wearable",
            "smartVision"
          ]
        }
      ],
      "type": "enum",
      "options": [
        {
          "name": "true"
        },
        {
          "name": "false"
        }
      ]
    },
    {
      "name": "dir",
      "supportedDevices": [
        "phone",
        "tablet",
        "tv",
        "wearable"
      ],
      "version": [
        {
          "name": "v6.0"
        }
      ],
      "required": false,
      "description": [
        {
          "name": "Sets the element layout mode. The rtl, ltr, and auto attributes can be set.",
          "supportedDevices": [
            "phone",
            "tablet",
            "tv",
            "wearable"
          ]
        }
      ],
      "type": "enum",
      "options": [
        {
          "name": "ltr"
        },
        {
          "name": "rtl"
        },
        {
          "name": "auto"
        }
      ]
    },
    {
      "name": "elif",
      "supportedDevices": [
        "phone",
        "tablet",
        "tv",
        "liteWearable",
        "wearable",
        "smartVision"
      ],
      "required": false,
      "version": [
        {
          "name": "v4.0"
        }
      ],
      "description": [],
      "type": "enum",
      "options": [
        {
          "name": "true"
        },
        {
          "name": "false"
        }
      ]
    },
    {
      "name": "else",
      "supportedDevices": [
        "phone",
        "tablet",
        "tv",
        "liteWearable",
        "wearable",
        "smartVision"
      ],
      "required": false,
      "version": [
        {
          "name": "v4.0"
        }
      ],
      "description": [],
      "type": "string"
    },
    {
      "name": "show",
      "supportedDevices": [
        "phone",
        "tablet",
        "tv",
        "liteWearable",
        "wearable",
        "smartVision"
      ],
      "required": false,
      "version": [
        {
          "name": "v4.0"
        }
      ],
      "description": [
        {
          "name": "Whether the element is displayed or hidden.",
          "supportedDevices": [
            "phone",
            "tablet",
            "tv",
            "liteWearable",
            "wearable",
            "smartVision"
          ]
        }
      ],
      "type": "enum",
      "options": [
        {
          "name": "true"
        },
        {
          "name": "false"
        }
      ]
    }
  ],
  "events": [
    {
      "name": "start",
      "supportedDevices": ["phone", "tablet", "tv", "wearable"],
      "description": [
        {
          "name": "Triggered when the frame animation starts.",
          "supportedDevices": ["phone", "tablet", "tv", "wearable"]
        }
      ]
    },
    {
      "name": "pause",
      "supportedDevices": ["phone", "tablet", "tv", "wearable"],
      "description": [
        {
          "name": "Triggered when the frame animation pauses.",
          "supportedDevices": ["phone", "tablet", "tv", "wearable"]
        }
      ]
    },
    {
      "name": "resume",
      "supportedDevices": ["phone", "tablet", "tv", "wearable"],
      "description": [
        {
          "name": "Triggered when the frame animation resumes.",
          "supportedDevices": ["phone", "tablet", "tv", "wearable"]
        }
      ]
    },
    {
      "name": "stop",
      "supportedDevices": ["phone", "tablet", "tv", "liteWearable", "wearable", "smartVision"],
      "description": [
        {
          "name": "Triggered when the frame animation stops.",
          "supportedDevices": ["phone", "tablet", "tv", "liteWearable", "wearable", "smartVision"]
        }
      ]
    },
    {
      "name": "touchstart",
      "supportedDevices": [
        "phone",
        "tablet",
        "tv",
        "wearable"
      ],
      "version": [
        {
          "name": "v4.0"
        }
      ],
      "description": [
        {
          "name": "The tapping starts",
          "supportedDevices": [
            "phone",
            "tablet",
            "tv",
            "wearable"
          ]
        }
      ]
    },
    {
      "name": "touchmove",
      "supportedDevices": [
        "phone",
        "tablet",
        "tv",
        "wearable"
      ],
      "version": [
        {
          "name": "v4.0"
        }
      ],
      "description": [
        {
          "name": "The tapping moves.",
          "supportedDevices": [
            "phone",
            "tablet",
            "tv",
            "wearable"
          ]
        }
      ]
    },
    {
      "name": "touchcancel",
      "supportedDevices": [
        "phone",
        "tablet",
        "tv",
        "wearable"
      ],
      "version": [
        {
          "name": "v4.0"
        }
      ],
      "description": [
        {
          "name": "The tapping is interrupted.",
          "supportedDevices": [
            "phone",
            "tablet",
            "tv",
            "wearable"
          ]
        }
      ]
    },
    {
      "name": "touchend",
      "supportedDevices": [
        "phone",
        "tablet",
        "tv",
        "wearable"
      ],
      "version": [
        {
          "name": "v4.0"
        }
      ],
      "description": [
        {
          "name": "The tapping ends.",
          "supportedDevices": [
            "phone",
            "tablet",
            "tv",
            "wearable"
          ]
        }
      ]
    },
    {
      "name": "click",
      "supportedDevices": [
        "phone",
        "tablet",
        "tv",
        "liteWearable",
        "wearable",
        "smartVision"
      ],
      "version": [
        {
          "name": "v4.0"
        }
      ],
      "description": [
        {
          "name": "A component is clicked.",
          "supportedDevices": [
            "phone",
            "tablet",
            "tv",
            "liteWearable",
            "wearable",
            "smartVision"
          ]
        }
      ]
    },
    {
      "name": "longpress",
      "supportedDevices": [
        "phone",
        "tablet",
        "tv",
        "liteWearable",
        "wearable",
        "smartVision"
      ],
      "version": [
        {
          "name": "v4.0"
        }
      ],
      "description": [
        {
          "name": "A component is long pressed.",
          "supportedDevices": [
            "phone",
            "tablet",
            "tv",
            "liteWearable",
            "wearable",
            "smartVision"
          ]
        }
      ]
    },
    {
      "name": "focus",
      "supportedDevices": [
        "phone",
        "tablet",
        "tv",
        "wearable"
      ],
      "version": [
        {
          "name": "v4.0"
        }
      ],
      "description": [
        {
          "name": "A component gains focus. The <span> component cannot gain focus.",
          "supportedDevices": [
            "phone",
            "tablet",
            "tv",
            "wearable"
          ]
        }
      ]
    },
    {
      "name": "blur",
      "supportedDevices": [
        "phone",
        "tablet",
        "tv",
        "wearable"
      ],
      "version": [
        {
          "name": "v4.0"
        }
      ],
      "description": [
        {
          "name": "A component loses focus. The <span> component cannot lose focus.",
          "supportedDevices": [
            "phone",
            "tablet",
            "tv",
            "wearable"
          ]
        }
      ]
    },
    {
      "name": "key",
      "supportedDevices": [
        "phone",
        "tablet",
        "tv",
        "wearable"
      ],
      "version": [
        {
          "name": "v4.0"
        }
      ],
      "description": [
        {
          "name": "A user presses a key on the remote control. Available return values are as follows:\ntrue: returned if the page processes the key event.\nfalse: returned if the default logic is used to process the key event.\nIf no value is returned, false is used as the return value.",
          "supportedDevices": [
            "phone",
            "tablet",
            "tv",
            "wearable"
          ]
        }
      ]
    },
    {
      "name": "swipe",
      "supportedDevices": [
        "phone",
        "tablet",
        "tv",
        "liteWearable",
        "wearable",
        "smartVision"
      ],
      "version": [
        {
          "name": "v5.0"
        }
      ],
      "description": [
        {
          "name": "A user quickly swipes on a component.",
          "supportedDevices": [
            "phone",
            "tablet",
            "tv",
            "liteWearable",
            "wearable",
            "smartVision"
          ]
        }
      ]
    },
    {
      "name": "attached",
      "supportedDevices": [
        "phone",
        "tablet",
        "tv",
        "wearable"
      ],
      "version": [
        {
          "name": "v6.0"
        }
      ],
      "description": [
        {
          "name": "The current component is mounted to the render tree.",
          "supportedDevices": [
            "phone",
            "tablet",
            "tv",
            "wearable"
          ]
        }
      ]
    },
    {
      "name": "detached",
      "supportedDevices": [
        "phone",
        "tablet",
        "tv",
        "wearable"
      ],
      "version": [
        {
          "name": "v6.0"
        }
      ],
      "description": [
        {
          "name": "The current component is removed from the render tree.",
          "supportedDevices": [
            "phone",
            "tablet",
            "tv",
            "wearable"
          ]
        }
      ]
    },
    {
      "name": "accessibility",
      "supportedDevices": [
        "phone",
        "tablet",
        "tv",
        "wearable"
      ],
      "version": [
        {
          "name": "v4.0"
        }
      ],
      "description": [
        {
          "name": "Event dispatched by the accessibility service.",
          "supportedDevices": [
            "phone",
            "tablet",
            "tv",
            "wearable"
          ]
        }
      ]
    }
  ],
  "supportedSubComponents": false,
  "supportedSubComponentsRestriction": [],
  "unSupportSubComponentsRestriction": [],
  "parentComponentsRestriction": []
}
