{
  "name": "picker-view",
  "version": [
    {
      "name": "v3.0"
    }
  ],
  "supportedDevices": ["phone", "tablet", "tv", "liteWearable", "wearable", "smartVision"],
  "description": [
    {
      "name": "The <picker-view> component provides the view that shows an embedded scrollable selector on the screen.",
      "supportedDevices": ["phone", "tablet", "tv", "liteWearable", "wearable", "smartVision"]
    }
  ],
  "attributes": [
    {
      "name": "type",
      "supportedDevices": ["phone", "tablet", "tv", "liteWearable", "wearable", "smartVision"],
      "required": false,
      "description": [
        {
          "name": "Type of the scrollable selector. Available values include: text: text selector. time: time selector. date (Rich): date selector. datetime (Rich): date and time selector. multi-text (Rich): multi-column text selector.",
          "supportedDevices": ["phone", "tablet", "tv", "liteWearable", "wearable", "smartVision"]
        }
      ],
      "type": "enum",
      "options": [
        {
          "name": "text"
        },
        {
          "name": "date",
          "supportedDevices": ["phone", "tablet", "tv", "wearable"]
        },
        {
          "name": "time"
        },
        {
          "name": "datetime",
          "supportedDevices": ["phone", "tablet", "tv", "wearable"]
        },
        {
          "name": "multi-text",
          "supportedDevices": ["phone", "tablet", "tv", "wearable"]
        }
      ]
    },
    {
      "name": "range",
      "supportedDevices": ["phone", "tablet", "tv", "liteWearable", "wearable", "smartVision"],
      "required": false,
      "description": [
        {
          "name": "Value range of the text selector. NOTE Use the data binding mode, for example, range = {{data}}. Declare the corresponding variable data: ['15', '20', '25'] in the JavaScript.",
          "supportedDevices": ["phone", "tablet", "tv", "liteWearable", "wearable", "smartVision"]
        }
      ],
      "type": "string"
    },
    {
      "name": "selected",
      "supportedDevices": ["phone", "tablet", "tv", "liteWearable", "wearable", "smartVision"],
      "required": false,
      "description": [
        {
          "name": "Default value of the text selector. The value is the index of range.",
          "supportedDevices": ["phone", "tablet", "tv", "liteWearable", "wearable", "smartVision"]
        }
      ],
      "type": "string"
    },
    {
      "name": "indicatorprefix",
      "supportedDevices": ["phone", "tablet", "tv", "wearable"],
      "required": false,
      "description": [
        {
          "name": "Prefix field added when a value is specified for the text selector.",
          "supportedDevices": ["phone", "tablet", "tv", "wearable"]
        }
      ],
      "type": "string"
    },
    {
      "name": "indicatorsuffix",
      "supportedDevices": ["phone", "tablet", "tv", "wearable"],
      "required": false,
      "description": [
        {
          "name": "Suffix field added when a value is specified for the text selector.",
          "supportedDevices": ["phone", "tablet", "tv", "wearable"]
        }
      ],
      "type": "string"
    },
    {
      "name": "containsecond",
      "supportedDevices": ["phone", "tablet", "tv", "wearable"],
      "required": false,
      "description": [
        {
          "name": "Whether seconds are contained.",
          "supportedDevices": ["phone", "tablet", "tv", "wearable"]
        }
      ],
      "type": "enum",
      "options": [
        {
          "name": "true"
        },
        {
          "name": "false"
        }
      ]
    },
    {
      "name": "hours",
      "supportedDevices": ["phone", "tablet", "tv", "wearable"],
      "version": [
        {
          "name": "v5.0"
        }
      ],
      "required": false,
      "description": [
        {
          "name": "Time format used by the time selector. Available values include: 12: displayed in 12-hour format and distinguished by a.m. and p.m. 24: displayed in 24-hour format.",
          "supportedDevices": ["phone", "tablet", "tv", "wearable"]
        }
      ],
      "type": "enum",
      "options": [
        {
          "name": "12"
        },
        {
          "name": "24"
        }
      ]
    },
    {
      "name": "start",
      "supportedDevices": ["phone", "tablet", "tv", "wearable"],
      "required": false,
      "description": [
        {
          "name": "Start date of the date selector, in the format of YYYY-MM-DD.",
          "supportedDevices": ["phone", "tablet", "tv", "wearable"]
        }
      ],
      "type": "string"
    },
    {
      "name": "end",
      "supportedDevices": ["phone", "tablet", "tv", "wearable"],
      "required": false,
      "description": [
        {
          "name": "End date of the date selector, in the format of YYYY-MM-DD.",
          "supportedDevices": ["phone", "tablet", "tv", "wearable"]
        }
      ],
      "type": "string"
    },
    {
      "name": "lunar",
      "supportedDevices": ["phone", "tablet", "tv", "wearable"],
      "version": [
        {
          "name": "v5.0"
        }
      ],
      "required": false,
      "description": [
        {
          "name": "Whether the pop-up window displays the lunar calendar.",
          "supportedDevices": ["phone", "tablet", "tv", "wearable"]
        }
      ],
      "type": "enum",
      "options": [
        {
          "name": "true"
        },
        {
          "name": "false"
        }
      ]
    },
    {
      "name": "lunarswitch",
      "supportedDevices": ["phone", "tablet"],
      "required": false,
      "description": [
        {
          "name": "Whether to display the lunar calendar switch in the date selector. When this switch is displayed, you can switch between the lunar calendar and Gregorian calendar. Turn on the switch to display the lunar calendar, and turn off the switch to hide the lunar calendar. This attribute is available for smartphones.",
          "supportedDevices": ["phone", "tablet"]
        }
      ],
      "type": "enum",
      "options": [
        {
          "name": "true"
        },
        {
          "name": "false"
        }
      ]
    },
    {
      "name": "columns",
      "supportedDevices": ["phone", "tablet", "tv", "wearable"],
      "required": true,
      "description": [
        {
          "name": "Number of columns in the multi-column text selector.",
          "supportedDevices": ["phone", "tablet", "tv", "wearable"]
        }
      ],
      "type": "string"
    },
    {
      "name": "shareid",
      "supportedDevices": ["phone", "tablet", "tv", "wearable"],
      "required": false,
      "description": [
        {
          "name": "Used for the transition of shared elements and takes effect only when it is configured. This attribute cannot be modified after being set. list-item, image, text, button, label components are supported for the transition of shared elements.",
          "supportedDevices": ["phone", "tablet", "tv", "wearable"]
        }
      ],
      "type": "string"
    },
    {
      "name": "id",
      "supportedDevices": [
        "phone",
        "tablet",
        "tv",
        "liteWearable",
        "wearable",
        "smartVision"
      ],
      "required": false,
      "version": [
        {
          "name": "v4.0"
        }
      ],
      "description": [
        {
          "name": "Unique ID of a component.",
          "supportedDevices": [
            "phone",
            "tablet",
            "tv",
            "liteWearable",
            "wearable",
            "smartVision"
          ]
        }
      ],
      "type": "string"
    },
    {
      "name": "style",
      "supportedDevices": [
        "phone",
        "tablet",
        "tv",
        "liteWearable",
        "wearable",
        "smartVision"
      ],
      "required": false,
      "version": [
        {
          "name": "v4.0"
        }
      ],
      "description": [
        {
          "name": "Style declaration of a component.",
          "supportedDevices": [
            "phone",
            "tablet",
            "tv",
            "liteWearable",
            "wearable",
            "smartVision"
          ]
        }
      ],
      "type": "string"
    },
    {
      "name": "class",
      "supportedDevices": [
        "phone",
        "tablet",
        "tv",
        "liteWearable",
        "wearable",
        "smartVision"
      ],
      "required": false,
      "version": [
        {
          "name": "v4.0"
        }
      ],
      "description": [
        {
          "name": "Style class of a component, which is used to refer to a style table.",
          "supportedDevices": [
            "phone",
            "tablet",
            "tv",
            "liteWearable",
            "wearable",
            "smartVision"
          ]
        }
      ],
      "type": "string"
    },
    {
      "name": "ref",
      "supportedDevices": [
        "phone",
        "tablet",
        "tv",
        "liteWearable",
        "wearable",
        "smartVision"
      ],
      "required": false,
      "version": [
        {
          "name": "v4.0"
        }
      ],
      "description": [
        {
          "name": "Used to register reference information of child elements or child components. The reference information is registered with the parent component on $refs.",
          "supportedDevices": [
            "phone",
            "tablet",
            "tv",
            "liteWearable",
            "wearable",
            "smartVision"
          ]
        }
      ],
      "type": "string"
    },
    {
      "name": "disabled",
      "supportedDevices": [
        "phone",
        "tablet",
        "tv",
        "wearable"
      ],
      "required": false,
      "version": [
        {
          "name": "v4.0"
        }
      ],
      "description": [
        {
          "name": "Whether a component is disabled. If it is disabled, it cannot respond to user interaction.",
          "supportedDevices": [
            "phone",
            "tablet",
            "tv",
            "wearable"
          ]
        }
      ],
      "type": "enum",
      "options": [
        {
          "name": "true"
        },
        {
          "name": "false"
        }
      ]
    },
    {
      "name": "focusable",
      "supportedDevices": [
        "phone",
        "tablet",
        "tv",
        "wearable"
      ],
      "required": false,
      "version": [
        {
          "name": "v4.0"
        }
      ],
      "description": [
        {
          "name": "Whether a component can gain focus. When focusable is set to true, the component can respond to focus events and key events. If a key event or click event is set for the component, this attribute is set to true automatically.",
          "supportedDevices": [
            "phone",
            "tablet",
            "tv",
            "wearable"
          ]
        }
      ],
      "type": "enum",
      "options": [
        {
          "name": "true"
        },
        {
          "name": "false"
        }
      ]
    },
    {
      "name": "data-*",
      "supportedDevices": [
        "phone",
        "tablet",
        "tv",
        "wearable"
      ],
      "required": false,
      "version": [
        {
          "name": "v4.0"
        }
      ],
      "description": [
        {
          "name": "Attribute set for a component to facilitate data storage and reading.",
          "supportedDevices": [
            "phone",
            "tablet",
            "tv",
            "wearable"
          ]
        }
      ],
      "type": "string"
    },
    {
      "name": "click-effect",
      "supportedDevices": [
        "phone",
        "tablet",
        "tv",
        "wearable"
      ],
      "required": false,
      "version": [
        {
          "name": "v5.0"
        }
      ],
      "description": [
        {
          "name": "Click effect complying with spring physics. Available values are as follows:\nspring-small: The button icon scales down to 90% of its size when it is selected. This is appropriate for small icons.\nspring-medium: The component scales down to 95% of its size when it is selected. This is appropriate for medium-sized components.spring-large: The button icon scales down and up by 95% of its size, which is appropriate to large icons.",
          "supportedDevices": [
            "phone",
            "tablet",
            "tv",
            "wearable"
          ]
        }
      ],
      "type": "enum",
      "options": [
        {
          "name": "spring-small"
        },
        {
          "name": "spring-medium"
        },
        {
          "name": "spring-large"
        }
      ]
    },
    {
      "name": "voicelabel",
      "supportedDevices": [
        "phone",
        "tablet",
        "tv",
        "wearable"
      ],
      "required": false,
      "version": [
        {
          "name": "v4.0"
        }
      ],
      "description": [
        {
          "name": "Voice label. When a voice label is triggered, the click event of the component is triggered.",
          "supportedDevices": [
            "phone",
            "tablet",
            "tv",
            "wearable"
          ]
        }
      ],
      "type": "string"
    },
    {
      "name": "subscriptflag",
      "supportedDevices": [
        "phone",
        "tablet",
        "tv",
        "wearable"
      ],
      "required": false,
      "version": [
        {
          "name": "v4.0"
        }
      ],
      "description": [
        {
          "name": "Voice subscript switch. Available values are as follows:\nauto: For the <image> and <list-item> components, if subscriptflag is set to auto, the voice subscript is turned on. For other components, if subscriptflag is set to auto, the voice subscript is turned off.\non: Turn on the voice subscript.\noff: Turn off the voice subscript.If no customized subscript is set, the subscript is automatically accumulated from 1.",
          "supportedDevices": [
            "phone",
            "tablet",
            "tv",
            "wearable"
          ]
        }
      ],
      "type": "enum",
      "options": [
        {
          "name": "auto"
        },
        {
          "name": "on"
        },
        {
          "name": "off"
        }
      ]
    },
    {
      "name": "subscriptlabel",
      "supportedDevices": [
        "phone",
        "tablet",
        "tv",
        "wearable"
      ],
      "required": false,
      "version": [
        {
          "name": "v4.0"
        }
      ],
      "description": [
        {
          "name": "Custom subscript. After it is set, the subscript is displayed in the way you specified. To make this attribute take effect, you need to turn on the voice subscript.",
          "supportedDevices": [
            "phone",
            "tablet",
            "tv",
            "wearable"
          ]
        }
      ],
      "type": "string"
    },
    {
      "name": "scenelabel",
      "supportedDevices": [
        "phone",
        "tablet",
        "tv",
        "wearable"
      ],
      "required": false,
      "version": [
        {
          "name": "v4.0"
        }
      ],
      "description": [
        {
          "name": "Available values are as follows:\nvideo: Video scenario. For example, to watch a video, a user can say the voiceLabel (usually the video name), play voiceLabel, see voiceLabel, or watch voiceLabel, etc.\naudio: Music scenario. For example, to listen to a song, a user can say the voiceLabel (usually the song name), play voiceLabel, or listen voiceLabel, etc.\npage: Page scenario. For example, to go to a page, a user can say the voiceLabel (usually the page name), switch to voiceLabel, go to voiceLabel, or jump to voiceLabel, etc.\nswitch: Switch scenario. For example, to turn on or turn off a switch, a user can say the voiceLabel (usually the switch name), turn on voiceLabel, open voiceLabel, turn off voiceLabel, close voiceLabel, etc.common: Common scenario, which is triggered by the voiceLabel.",
          "supportedDevices": [
            "phone",
            "tablet",
            "tv",
            "wearable"
          ]
        }
      ],
      "type": "enum",
      "options": [
        {
          "name": "video"
        },
        {
          "name": "audio"
        },
        {
          "name": "page"
        },
        {
          "name": "switch"
        },
        {
          "name": "common"
        }
      ]
    },
    {
      "name": "accessibilitygroup",
      "supportedDevices": [
        "phone",
        "tablet",
        "tv",
        "wearable"
      ],
      "required": false,
      "version": [
        {
          "name": "v4.0"
        }
      ],
      "description": [
        {
          "name": "Accessibility group. If this attribute is set to true, the component and all its child components form an entire selectable component, and the accessibility service will no longer available for the content of its child components.",
          "supportedDevices": [
            "phone",
            "tablet",
            "tv",
            "wearable"
          ]
        }
      ],
      "type": "enum",
      "options": [
        {
          "name": "true"
        },
        {
          "name": "false"
        }
      ]
    },
    {
      "name": "accessibilitytext",
      "supportedDevices": [
        "phone",
        "tablet",
        "tv",
        "wearable"
      ],
      "required": false,
      "version": [
        {
          "name": "v4.0"
        }
      ],
      "description": [
        {
          "name": "Accessibility text. If a component does not contain text information, it will not be read when the component is selected by the screen reader. In this case, the screen reader user cannot know which component is selected. To solve this problem, you can set this attribute for components without text information. When the component is selected by the screen reader, the specified accessibility text will be read, informing the user which component is selected. If a component with this attribute set contains text information, only the accessibility text will be read.",
          "supportedDevices": [
            "phone",
            "tablet",
            "tv",
            "wearable"
          ]
        }
      ],
      "type": "string"
    },
    {
      "name": "accessibilitydescription",
      "supportedDevices": [
        "phone",
        "tablet",
        "tv",
        "wearable"
      ],
      "required": false,
      "version": [
        {
          "name": "v4.0"
        }
      ],
      "description": [
        {
          "name": "Accessibility description. You can specify further explanation of the current component, for example, possible operation consequences, especially those cannot be learned from component attributes and accessibility text. You can set a detailed description text for the attribute of the component to help users understand the operation to be performed. If a component contains both text information and the accessibility description, the text is read first and then the accessibility description, when the component is selected.",
          "supportedDevices": [
            "phone",
            "tablet",
            "tv",
            "wearable"
          ]
        }
      ],
      "type": "string"
    },
    {
      "name": "accessibilityimportance",
      "supportedDevices": [
        "phone",
        "tablet",
        "tv",
        "wearable"
      ],
      "required": false,
      "version": [
        {
          "name": "v4.0"
        }
      ],
      "description": [
        {
          "name": "Accessibility importance, which is used to decide whether a component can be identified by the accessibility service. The value can be auto, yes, no, or no-hide-descendants. The last value forces the screen reader to ignore the current component and all its subcomponents.\nyes: The current component is selectable for the accessibility service.no: The current component is not selectable for the accessibility service.",
          "supportedDevices": [
            "phone",
            "tablet",
            "tv",
            "wearable"
          ]
        }
      ],
      "type": "string"
    },
    {
      "name": "for",
      "supportedDevices": [
        "phone",
        "tablet",
        "tv",
        "liteWearable",
        "wearable",
        "smartVision"
      ],
      "required": false,
      "version": [
        {
          "name": "v4.0"
        }
      ],
      "description": [
        {
          "name": "Expands the current element based on the configured data list.",
          "supportedDevices": [
            "phone",
            "tablet",
            "tv",
            "liteWearable",
            "wearable",
            "smartVision"
          ]
        }
      ],
      "type": "string"
    },
    {
      "name": "tid",
      "supportedDevices": [
        "phone",
        "tablet",
        "tv",
        "liteWearable",
        "wearable",
        "smartVision"
      ],
      "required": false,
      "version": [
        {
          "name": "v4.0"
        }
      ],
      "description": [
        {
          "name": "The tid attribute accelerates the for loop and improves the re-rendering efficiency when data in a loop changes.\nThe tid attribute specifies the unique ID of each element in the array. If it is not specified, the index of each element in the array is used as the ID. For example, tid=\"id\" indicates that the id attribute of each element is its unique ID.",
          "supportedDevices": [
            "phone",
            "tablet",
            "tv",
            "liteWearable",
            "wearable",
            "smartVision"
          ]
        }
      ],
      "type": "string"
    },
    {
      "name": "if",
      "supportedDevices": [
        "phone",
        "tablet",
        "tv",
        "liteWearable",
        "wearable",
        "smartVision"
      ],
      "required": false,
      "version": [
        {
          "name": "v4.0"
        }
      ],
      "description": [
        {
          "name": "Whether the element is added or removed.",
          "supportedDevices": [
            "phone",
            "tablet",
            "tv",
            "liteWearable",
            "wearable",
            "smartVision"
          ]
        }
      ],
      "type": "enum",
      "options": [
        {
          "name": "true"
        },
        {
          "name": "false"
        }
      ]
    },
    {
      "name": "dir",
      "supportedDevices": [
        "phone",
        "tablet",
        "tv",
        "wearable"
      ],
      "version": [
        {
          "name": "v6.0"
        }
      ],
      "required": false,
      "description": [
        {
          "name": "Sets the element layout mode. The rtl, ltr, and auto attributes can be set.",
          "supportedDevices": [
            "phone",
            "tablet",
            "tv",
            "wearable"
          ]
        }
      ],
      "type": "enum",
      "options": [
        {
          "name": "ltr"
        },
        {
          "name": "rtl"
        },
        {
          "name": "auto"
        }
      ]
    },
    {
      "name": "elif",
      "supportedDevices": [
        "phone",
        "tablet",
        "tv",
        "liteWearable",
        "wearable",
        "smartVision"
      ],
      "required": false,
      "version": [
        {
          "name": "v4.0"
        }
      ],
      "description": [],
      "type": "enum",
      "options": [
        {
          "name": "true"
        },
        {
          "name": "false"
        }
      ]
    },
    {
      "name": "else",
      "supportedDevices": [
        "phone",
        "tablet",
        "tv",
        "liteWearable",
        "wearable",
        "smartVision"
      ],
      "required": false,
      "version": [
        {
          "name": "v4.0"
        }
      ],
      "description": [],
      "type": "string"
    },
    {
      "name": "show",
      "supportedDevices": [
        "phone",
        "tablet",
        "tv",
        "liteWearable",
        "wearable",
        "smartVision"
      ],
      "required": false,
      "version": [
        {
          "name": "v4.0"
        }
      ],
      "description": [
        {
          "name": "Whether the element is displayed or hidden.",
          "supportedDevices": [
            "phone",
            "tablet",
            "tv",
            "liteWearable",
            "wearable",
            "smartVision"
          ]
        }
      ],
      "type": "enum",
      "options": [
        {
          "name": "true"
        },
        {
          "name": "false"
        }
      ]
    }
  ],
  "events": [
    {
      "name": "change",
      "supportedDevices": ["phone", "tablet", "tv", "liteWearable", "wearable", "smartVision"],
      "description": [
        {
          "name": "Triggered when a value is specified for the text selector.",
          "supportedDevices": ["phone", "tablet", "tv", "liteWearable", "wearable", "smartVision"]
        }
      ]
    },
    {
      "name": "columnchange",
      "supportedDevices": ["phone", "tablet", "tv", "wearable"],
      "description": [
        {
          "name": "Triggered when the value of a column in the multi-column selector changes. column indicates the column whose value has changed, newValue indicates the selected value, and newSelected indicates the index of the selected value.",
          "supportedDevices": ["phone", "tablet", "tv", "wearable"]
        }
      ]
    }
  ],
  "supportedSubComponents": false,
  "supportedSubComponentsRestriction": [],
  "unSupportSubComponentsRestriction": [],
  "parentComponentsRestriction": []
}
