{
  "name": "richtext",
  "version": [
    {
      "name": "v6.0"
    }
  ],
  "supportedDevices": ["phone", "tablet", "tv"],
  "description": [
    {
      "name": "The <richtext> component is used to render and display html rich text content.",
      "supportedDevices": ["phone", "tablet", "tv"]
    }
  ],
  "attributes": [
    {
      "name": "id",
      "supportedDevices": ["phone", "tablet", "tv", "smartVision"],
      "required": false,
      "description": [
        {
          "name": "Unique ID of a component.",
          "supportedDevices": ["phone", "tablet", "tv", "smartVision"]
        }
      ],
      "type": "string"
    },
    {
      "name": "style",
      "supportedDevices": ["phone", "tablet", "tv", "smartVision"],
      "required": false,
      "description": [
        {
          "name": "Style declaration of a component.",
          "supportedDevices": ["phone", "tablet", "tv", "smartVision"]
        }
      ],
      "type": "string"
    },
    {
      "name": "class",
      "supportedDevices": ["phone", "tablet", "tv", "smartVision"],
      "required": false,
      "description": [
        {
          "name": "Style class of a component, which is used to refer to a style table.",
          "supportedDevices": ["phone", "tablet", "tv", "smartVision"]
        }
      ],
      "type": "string"
    }
  ],
  "events": [
    {
      "name": "start",
      "supportedDevices": ["phone", "tablet", "tv"],
      "description": [
        {
          "name": "Triggered when an image is successfully loaded.",
          "supportedDevices": ["phone", "tablet", "tv"]
        }
      ]
    },
    {
      "name": "complete",
      "supportedDevices": ["phone", "tablet", "tv"],
      "description": [
        {
          "name": "Triggered when an image is successfully loaded.",
          "supportedDevices": ["phone", "tablet", "tv"]
        }
      ]
    },
    {
      "name": "touchstart",
      "supportedDevices": [
        "phone",
        "tablet",
        "tv",
        "wearable"
      ],
      "version": [
        {
          "name": "v4.0"
        }
      ],
      "description": [
        {
          "name": "The tapping starts",
          "supportedDevices": [
            "phone",
            "tablet",
            "tv",
            "wearable"
          ]
        }
      ]
    },
    {
      "name": "touchmove",
      "supportedDevices": [
        "phone",
        "tablet",
        "tv",
        "wearable"
      ],
      "version": [
        {
          "name": "v4.0"
        }
      ],
      "description": [
        {
          "name": "The tapping moves.",
          "supportedDevices": [
            "phone",
            "tablet",
            "tv",
            "wearable"
          ]
        }
      ]
    },
    {
      "name": "touchcancel",
      "supportedDevices": [
        "phone",
        "tablet",
        "tv",
        "wearable"
      ],
      "version": [
        {
          "name": "v4.0"
        }
      ],
      "description": [
        {
          "name": "The tapping is interrupted.",
          "supportedDevices": [
            "phone",
            "tablet",
            "tv",
            "wearable"
          ]
        }
      ]
    },
    {
      "name": "touchend",
      "supportedDevices": [
        "phone",
        "tablet",
        "tv",
        "wearable"
      ],
      "version": [
        {
          "name": "v4.0"
        }
      ],
      "description": [
        {
          "name": "The tapping ends.",
          "supportedDevices": [
            "phone",
            "tablet",
            "tv",
            "wearable"
          ]
        }
      ]
    },
    {
      "name": "click",
      "supportedDevices": [
        "phone",
        "tablet",
        "tv",
        "liteWearable",
        "wearable",
        "smartVision"
      ],
      "version": [
        {
          "name": "v4.0"
        }
      ],
      "description": [
        {
          "name": "A component is clicked.",
          "supportedDevices": [
            "phone",
            "tablet",
            "tv",
            "liteWearable",
            "wearable",
            "smartVision"
          ]
        }
      ]
    },
    {
      "name": "longpress",
      "supportedDevices": [
        "phone",
        "tablet",
        "tv",
        "liteWearable",
        "wearable",
        "smartVision"
      ],
      "version": [
        {
          "name": "v4.0"
        }
      ],
      "description": [
        {
          "name": "A component is long pressed.",
          "supportedDevices": [
            "phone",
            "tablet",
            "tv",
            "liteWearable",
            "wearable",
            "smartVision"
          ]
        }
      ]
    },
    {
      "name": "focus",
      "supportedDevices": [
        "phone",
        "tablet",
        "tv",
        "wearable"
      ],
      "version": [
        {
          "name": "v4.0"
        }
      ],
      "description": [
        {
          "name": "A component gains focus. The <span> component cannot gain focus.",
          "supportedDevices": [
            "phone",
            "tablet",
            "tv",
            "wearable"
          ]
        }
      ]
    },
    {
      "name": "blur",
      "supportedDevices": [
        "phone",
        "tablet",
        "tv",
        "wearable"
      ],
      "version": [
        {
          "name": "v4.0"
        }
      ],
      "description": [
        {
          "name": "A component loses focus. The <span> component cannot lose focus.",
          "supportedDevices": [
            "phone",
            "tablet",
            "tv",
            "wearable"
          ]
        }
      ]
    },
    {
      "name": "key",
      "supportedDevices": [
        "phone",
        "tablet",
        "tv",
        "wearable"
      ],
      "version": [
        {
          "name": "v4.0"
        }
      ],
      "description": [
        {
          "name": "A user presses a key on the remote control. Available return values are as follows:\ntrue: returned if the page processes the key event.\nfalse: returned if the default logic is used to process the key event.\nIf no value is returned, false is used as the return value.",
          "supportedDevices": [
            "phone",
            "tablet",
            "tv",
            "wearable"
          ]
        }
      ]
    },
    {
      "name": "swipe",
      "supportedDevices": [
        "phone",
        "tablet",
        "tv",
        "liteWearable",
        "wearable",
        "smartVision"
      ],
      "version": [
        {
          "name": "v5.0"
        }
      ],
      "description": [
        {
          "name": "A user quickly swipes on a component.",
          "supportedDevices": [
            "phone",
            "tablet",
            "tv",
            "liteWearable",
            "wearable",
            "smartVision"
          ]
        }
      ]
    },
    {
      "name": "attached",
      "supportedDevices": [
        "phone",
        "tablet",
        "tv",
        "wearable"
      ],
      "version": [
        {
          "name": "v6.0"
        }
      ],
      "description": [
        {
          "name": "The current component is mounted to the render tree.",
          "supportedDevices": [
            "phone",
            "tablet",
            "tv",
            "wearable"
          ]
        }
      ]
    },
    {
      "name": "detached",
      "supportedDevices": [
        "phone",
        "tablet",
        "tv",
        "wearable"
      ],
      "version": [
        {
          "name": "v6.0"
        }
      ],
      "description": [
        {
          "name": "The current component is removed from the render tree.",
          "supportedDevices": [
            "phone",
            "tablet",
            "tv",
            "wearable"
          ]
        }
      ]
    },
    {
      "name": "accessibility",
      "supportedDevices": [
        "phone",
        "tablet",
        "tv",
        "wearable"
      ],
      "version": [
        {
          "name": "v4.0"
        }
      ],
      "description": [
        {
          "name": "Event dispatched by the accessibility service.",
          "supportedDevices": [
            "phone",
            "tablet",
            "tv",
            "wearable"
          ]
        }
      ]
    }
  ],
  "supportedSubComponents": false,
  "supportedSubComponentsRestriction": [],
  "unSupportSubComponentsRestriction": [],
  "parentComponentsRestriction": []
}
