{
  "name": "list",
  "version": [
    {
      "name": "v3.0"
    }
  ],
  "supportedDevices": ["phone", "tablet", "tv", "liteWearable", "wearable", "smartVision"],
  "description": [
    {
      "name": "The <list> component provides a list container that presents a series of list items arranged in a column with the same width. Lists support presentations of the same data in a multiple and coherent row style, for example, images and texts.",
      "supportedDevices": ["phone", "tablet", "tv", "liteWearable", "wearable", "smartVision"]
    }
  ],
  "attributes": [
    {
      "name": "scrollpage",
      "supportedDevices": ["phone", "tablet", "tv", "wearable"],
      "required": false,
      "description": [
        {
          "name": "Whether to scroll the non-list part on the top of the list page out of the visible area with the list. The value can be true (scrolls the non-list part out) or false (does not scroll the non-list part out). This attribute is not available when the direction is row.",
          "supportedDevices": ["phone", "tablet", "tv", "wearable"]
        }
      ],
      "type": "enum",
      "options": [
        {
          "name": "true"
        },
        {
          "name": "false"
        }
      ]
    },
    {
      "name": "cachedcount",
      "supportedDevices": ["phone", "tablet", "tv", "wearable"],
      "required": false,
      "description": [
        {
          "name": "Minimum number of cached list-items when the long list is loaded with delay. When the number of list-items cached outside the visible area is less than the value of this attribute, a requestitem event is triggered.",
          "supportedDevices": ["phone", "tablet", "tv", "wearable"]
        }
      ],
      "type": "number"
    },
    {
      "name": "scrollbar",
      "supportedDevices": ["phone", "tablet", "tv", "wearable"],
      "required": false,
      "description": [
        {
          "name": "Display mode of the side scroll bar. (Currently, only the vertical scroll bar is supported.) off: No display; auto: Displayed on demand (The side scroll bar is displayed when you touch it and disappears 2s later.); on: Always displayed.",
          "supportedDevices": ["phone", "tablet", "tv", "wearable"]
        }
      ],
      "type": "enum",
      "options": [
        {
          "name": "off",
          "supportedDevices": ["phone", "tablet", "tv", "wearable"]
        },
        {
          "name": "auto",
          "supportedDevices": ["phone", "tablet", "tv", "wearable"]
        },
        {
          "name": "on",
          "supportedDevices": ["phone", "tablet", "tv", "wearable"]
        }
      ]
    },
    {
      "name": "scrollbaroffset",
      "supportedDevices": ["phone", "tablet", "tv", "wearable"],
      "version": [
        {
          "name": "v6.0"
        }
      ],
      "required": false,
      "description": [
        {
          "name": "Offset between the scroll bar and the default position of the list. The value can only be a positive number. The default position is on the right edge of the list. You can adjust the horizontal position of the scroll bar based on the offset. If the scroll bar is drawn outside the list and the list parent component is cropped, the scroll bar will be cropped.",
          "supportedDevices": ["phone", "tablet", "tv", "wearable"]
        }
      ],
      "type": "length"
    },
    {
      "name": "scrolleffect",
      "supportedDevices": ["phone", "tablet", "tv", "wearable"],
      "required": false,
      "description": [
        {
          "name": "Scroll effect. Available values are as follows: spring: Similar to the physical dynamic effect of a spring. After scrolling to the edge, you can continue to scroll for a distance based on the initial speed or by using a touch event. After you release your hand, the screen is rebounded; fade: Similar to the physical dynamic effect of fade. When you scroll to the edge, a wave shape fades. The fade changes according to the speed and scrolling distance; no: No effect after the scroll bar is moved to the edge.",
          "supportedDevices": ["phone", "tablet", "tv", "wearable"]
        }
      ],
      "type": "enum",
      "options": [
        {
          "name": "spring",
          "supportedDevices": ["phone", "tablet", "tv", "wearable"]
        },
        {
          "name": "fade",
          "supportedDevices": ["phone", "tablet", "tv", "wearable"]
        },
        {
          "name": "no",
          "supportedDevices": ["phone", "tablet", "tv", "wearable"]
        }
      ]
    },
    {
      "name": "indexer",
      "supportedDevices": ["phone", "tablet", "tv", "wearable"],
      "required": false,
      "description": [
        {
          "name": "Whether to display the alphabetical index scroll bar at a side of the list. This parameter is used together with the section attribute of item, and is valid only when flex-direction is set to column.Example values:'indexer' : 'true' indicates the default alphabetical index.'indexer' : 'false' indicates no index.",
          "supportedDevices": ["phone", "tablet", "tv", "wearable"]
        }
      ],
      "type": "enum",
      "options": [
        {
          "name": "true"
        },
        {
          "name": "false"
        }
      ]
    },
    {
      "name": "indexercircle",
      "supportedDevices": ["phone", "tablet", "tv", "wearable"],
      "version": [
        {
          "name": "v5.0"
        }
      ],
      "required": false,
      "description": [
        {
          "name": "Indicates whether the index is a ring index.\nThe default value is true for wearable devices and false for other devices. This parameter does not take effect when indexer is set to false.",
          "supportedDevices": ["phone", "tablet", "tv", "wearable"]
        }
      ],
      "type": "enum",
      "options": [
        {
          "name": "true"
        },
        {
          "name": "false"
        }
      ]
    },
    {
      "name": "indexermulti",
      "supportedDevices": ["phone", "tablet", "tv", "wearable"],
      "version": [
        {
          "name": "v5.0"
        }
      ],
      "required": false,
      "description": [
        {
          "name": "Indicates whether to enable the multi-language function of the index bar. This parameter does not take effect when indexer is set to false.",
          "supportedDevices": ["phone", "tablet", "tv", "wearable"]
        }
      ],
      "type": "enum",
      "options": [
        {
          "name": "true"
        },
        {
          "name": "false"
        }
      ]
    },
    {
      "name": "indexerbubble",
      "supportedDevices": ["phone", "tablet", "tv", "wearable"],
      "version": [
        {
          "name": "v5.0"
        }
      ],
      "required": false,
      "description": [
        {
          "name": "Indicates whether to enable the bubble prompt for index switching.\nThis parameter does not take effect when indexer is set to false.",
          "supportedDevices": ["phone", "tablet", "tv", "wearable"]
        }
      ],
      "type": "enum",
      "options": [
        {
          "name": "true"
        },
        {
          "name": "false"
        }
      ]
    },
    {
      "name": "divider",
      "supportedDevices": ["phone", "tablet", "tv", "wearable"],
      "version": [
        {
          "name": "v5.0"
        }
      ],
      "required": false,
      "description": [
        {
          "name": "Indicates whether an item has a separator. For details about the style, see divider-color, divider-height, divider-length, and divider-origin in the style list.",
          "supportedDevices": ["phone", "tablet", "tv", "wearable"]
        }
      ],
      "type": "enum",
      "options": [
        {
          "name": "true"
        },
        {
          "name": "false"
        }
      ]
    },
    {
      "name": "shapemode",
      "supportedDevices": ["phone", "tablet", "tv", "wearable"],
      "required": false,
      "description": [
        {
          "name": "Shape of the side scroll bar. default: Not specified (following the theme); rect: Rectangle; round: Circle.",
          "supportedDevices": ["phone", "tablet", "tv", "wearable"]
        }
      ],
      "type": "enum",
      "options": [
        {
          "name": "default",
          "supportedDevices": ["phone", "tablet", "tv", "wearable"]
        },
        {
          "name": "rect",
          "supportedDevices": ["phone", "tablet", "tv", "wearable"]
        },
        {
          "name": "round",
          "supportedDevices": ["phone", "tablet", "tv", "wearable"]
        }
      ]
    },
    {
      "name": "itemscale",
      "supportedDevices": ["phone", "tablet", "tv", "wearable"],
      "required": false,
      "description": [
        {
          "name": "Whether to cancel the zoom-in and zoom-out effects of the focus. (This attribute applies only to smart watches and smart TVs.).",
          "supportedDevices": ["phone", "tablet", "tv", "wearable"]
        }
      ],
      "type": "enum",
      "options": [
        {
          "name": "true"
        },
        {
          "name": "false"
        }
      ]
    },
    {
      "name": "itemcenter",
      "supportedDevices": ["phone", "tablet", "tv", "wearable"],
      "required": false,
      "description": [
        {
          "name": "Whether there is always an item at the center of the cross axis of the view for the initialization page and a page after scrolling. (This attribute applies only to smart watches.).",
          "supportedDevices": ["phone", "tablet", "tv", "wearable"]
        }
      ],
      "type": "enum",
      "options": [
        {
          "name": "true"
        },
        {
          "name": "false"
        }
      ]
    },
    {
      "name": "updateeffect",
      "supportedDevices": ["phone", "tablet", "tv", "wearable"],
      "required": false,
      "description": [
        {
          "name": "Whether a dynamic effect is displayed when an item in the list is deleted or added. false: No dynamic effect is displayed; true: A dynamic effect is displayed when an item is added or deleted.",
          "supportedDevices": ["phone", "tablet", "tv", "wearable"]
        }
      ],
      "type": "enum",
      "options": [
        {
          "name": "true"
        },
        {
          "name": "false"
        }
      ]
    },
    {
      "name": "chainanimation",
      "supportedDevices": ["phone", "tablet", "tv", "wearable"],
      "version": [
        {
          "name": "v5.0"
        }
      ],
      "required": false,
      "description": [
        {
          "name": "This parameter specifies whether to enable the chain linkage effect for the current list. After this function is enabled, the chain linkage effect is displayed when the list slides and the top and bottom drags. Chain linkage effect: List-items in a list are separated by a certain distance. Under the basic sliding interaction behavior, the active object drives the driven object to perform linkage. The driving effect follows the physical dynamic effect of the spring.\nfalse: disable chain linkage. true: enable chain linkage.",
          "supportedDevices": ["phone", "tablet", "tv", "wearable"]
        }
      ],
      "type": "enum",
      "options": [
        {
          "name": "true"
        },
        {
          "name": "false"
        }
      ]
    },
    {
      "name": "scrollvibrate",
      "supportedDevices": ["phone", "tablet", "tv", "wearable"],
      "required": false,
      "description": [
        {
          "name": "Whether the device vibrates when the list is scrolled. This attribute takes effect only for smart watches. false: The device vibrates when the list is scrolled; true: The device does not vibrate when the list is scrolled.",
          "supportedDevices": ["phone", "tablet", "tv", "wearable"]
        }
      ],
      "type": "enum",
      "options": [
        {
          "name": "true"
        },
        {
          "name": "false"
        }
      ]
    },
    {
      "name": "initialindex",
      "supportedDevices": ["phone", "tablet", "tv", "wearable"],
      "required": false,
      "description": [
        {
          "name": "Item displayed at the start position of the viewport when the current list is loaded for the first time. The default value is 0, indicating that the first item is displayed. If the number you set is greater than the index of the last item, the setting does not take effect. When the initialoffset attribute is set, the current attribute does not take effect.",
          "supportedDevices": ["phone", "tablet", "tv", "wearable"]
        }
      ],
      "type": "number"
    },
    {
      "name": "initialoffset",
      "supportedDevices": ["phone", "tablet", "tv", "wearable"],
      "required": false,
      "description": [
        {
          "name": "The start offset of the viewport when the current list is loaded for the first time. The offset cannot exceed the scrolling range of the current list. Otherwise, the offset is truncated to the maximum value of the scrolling range.",
          "supportedDevices": ["phone", "tablet", "tv", "wearable"]
        }
      ],
      "type": "length"
    },
    {
      "name": "selected",
      "supportedDevices": ["phone", "tablet", "tv", "wearable"],
      "version": [
        {
          "name": "v5.0"
        }
      ],
      "required": false,
      "description": [
        {
          "name": "Specifies the selected and activated items in the current list. The optional value is the value of the section attribute of list-item.",
          "supportedDevices": ["phone", "tablet", "tv", "wearable"]
        }
      ],
      "type": "string"
    },
    {
      "name": "shareid",
      "supportedDevices": ["phone", "tablet", "tv", "wearable"],
      "required": false,
      "description": [
        {
          "name": "Used for the transition of shared elements and takes effect only when it is configured. This attribute cannot be modified after being set. list-item, image, text, button, label components are supported for the transition of shared elements.",
          "supportedDevices": ["phone", "tablet", "tv", "wearable"]
        }
      ],
      "type": "string"
    },
    {
      "name": "id",
      "supportedDevices": [
        "phone",
        "tablet",
        "tv",
        "liteWearable",
        "wearable",
        "smartVision"
      ],
      "required": false,
      "version": [
        {
          "name": "v4.0"
        }
      ],
      "description": [
        {
          "name": "Unique ID of a component.",
          "supportedDevices": [
            "phone",
            "tablet",
            "tv",
            "liteWearable",
            "wearable",
            "smartVision"
          ]
        }
      ],
      "type": "string"
    },
    {
      "name": "style",
      "supportedDevices": [
        "phone",
        "tablet",
        "tv",
        "liteWearable",
        "wearable",
        "smartVision"
      ],
      "required": false,
      "version": [
        {
          "name": "v4.0"
        }
      ],
      "description": [
        {
          "name": "Style declaration of a component.",
          "supportedDevices": [
            "phone",
            "tablet",
            "tv",
            "liteWearable",
            "wearable",
            "smartVision"
          ]
        }
      ],
      "type": "string"
    },
    {
      "name": "class",
      "supportedDevices": [
        "phone",
        "tablet",
        "tv",
        "liteWearable",
        "wearable",
        "smartVision"
      ],
      "required": false,
      "version": [
        {
          "name": "v4.0"
        }
      ],
      "description": [
        {
          "name": "Style class of a component, which is used to refer to a style table.",
          "supportedDevices": [
            "phone",
            "tablet",
            "tv",
            "liteWearable",
            "wearable",
            "smartVision"
          ]
        }
      ],
      "type": "string"
    },
    {
      "name": "ref",
      "supportedDevices": [
        "phone",
        "tablet",
        "tv",
        "liteWearable",
        "wearable",
        "smartVision"
      ],
      "required": false,
      "version": [
        {
          "name": "v4.0"
        }
      ],
      "description": [
        {
          "name": "Used to register reference information of child elements or child components. The reference information is registered with the parent component on $refs.",
          "supportedDevices": [
            "phone",
            "tablet",
            "tv",
            "liteWearable",
            "wearable",
            "smartVision"
          ]
        }
      ],
      "type": "string"
    },
    {
      "name": "disabled",
      "supportedDevices": [
        "phone",
        "tablet",
        "tv",
        "wearable"
      ],
      "required": false,
      "version": [
        {
          "name": "v4.0"
        }
      ],
      "description": [
        {
          "name": "Whether a component is disabled. If it is disabled, it cannot respond to user interaction.",
          "supportedDevices": [
            "phone",
            "tablet",
            "tv",
            "wearable"
          ]
        }
      ],
      "type": "enum",
      "options": [
        {
          "name": "true"
        },
        {
          "name": "false"
        }
      ]
    },
    {
      "name": "focusable",
      "supportedDevices": [
        "phone",
        "tablet",
        "tv",
        "wearable"
      ],
      "required": false,
      "version": [
        {
          "name": "v4.0"
        }
      ],
      "description": [
        {
          "name": "Whether a component can gain focus. When focusable is set to true, the component can respond to focus events and key events. If a key event or click event is set for the component, this attribute is set to true automatically.",
          "supportedDevices": [
            "phone",
            "tablet",
            "tv",
            "wearable"
          ]
        }
      ],
      "type": "enum",
      "options": [
        {
          "name": "true"
        },
        {
          "name": "false"
        }
      ]
    },
    {
      "name": "data-*",
      "supportedDevices": [
        "phone",
        "tablet",
        "tv",
        "wearable"
      ],
      "required": false,
      "version": [
        {
          "name": "v4.0"
        }
      ],
      "description": [
        {
          "name": "Attribute set for a component to facilitate data storage and reading.",
          "supportedDevices": [
            "phone",
            "tablet",
            "tv",
            "wearable"
          ]
        }
      ],
      "type": "string"
    },
    {
      "name": "click-effect",
      "supportedDevices": [
        "phone",
        "tablet",
        "tv",
        "wearable"
      ],
      "required": false,
      "version": [
        {
          "name": "v5.0"
        }
      ],
      "description": [
        {
          "name": "Click effect complying with spring physics. Available values are as follows:\nspring-small: The button icon scales down to 90% of its size when it is selected. This is appropriate for small icons.\nspring-medium: The component scales down to 95% of its size when it is selected. This is appropriate for medium-sized components.spring-large: The button icon scales down and up by 95% of its size, which is appropriate to large icons.",
          "supportedDevices": [
            "phone",
            "tablet",
            "tv",
            "wearable"
          ]
        }
      ],
      "type": "enum",
      "options": [
        {
          "name": "spring-small"
        },
        {
          "name": "spring-medium"
        },
        {
          "name": "spring-large"
        }
      ]
    },
    {
      "name": "voicelabel",
      "supportedDevices": [
        "phone",
        "tablet",
        "tv",
        "wearable"
      ],
      "required": false,
      "version": [
        {
          "name": "v4.0"
        }
      ],
      "description": [
        {
          "name": "Voice label. When a voice label is triggered, the click event of the component is triggered.",
          "supportedDevices": [
            "phone",
            "tablet",
            "tv",
            "wearable"
          ]
        }
      ],
      "type": "string"
    },
    {
      "name": "subscriptflag",
      "supportedDevices": [
        "phone",
        "tablet",
        "tv",
        "wearable"
      ],
      "required": false,
      "version": [
        {
          "name": "v4.0"
        }
      ],
      "description": [
        {
          "name": "Voice subscript switch. Available values are as follows:\nauto: For the <image> and <list-item> components, if subscriptflag is set to auto, the voice subscript is turned on. For other components, if subscriptflag is set to auto, the voice subscript is turned off.\non: Turn on the voice subscript.\noff: Turn off the voice subscript.If no customized subscript is set, the subscript is automatically accumulated from 1.",
          "supportedDevices": [
            "phone",
            "tablet",
            "tv",
            "wearable"
          ]
        }
      ],
      "type": "enum",
      "options": [
        {
          "name": "auto"
        },
        {
          "name": "on"
        },
        {
          "name": "off"
        }
      ]
    },
    {
      "name": "subscriptlabel",
      "supportedDevices": [
        "phone",
        "tablet",
        "tv",
        "wearable"
      ],
      "required": false,
      "version": [
        {
          "name": "v4.0"
        }
      ],
      "description": [
        {
          "name": "Custom subscript. After it is set, the subscript is displayed in the way you specified. To make this attribute take effect, you need to turn on the voice subscript.",
          "supportedDevices": [
            "phone",
            "tablet",
            "tv",
            "wearable"
          ]
        }
      ],
      "type": "string"
    },
    {
      "name": "scenelabel",
      "supportedDevices": [
        "phone",
        "tablet",
        "tv",
        "wearable"
      ],
      "required": false,
      "version": [
        {
          "name": "v4.0"
        }
      ],
      "description": [
        {
          "name": "Available values are as follows:\nvideo: Video scenario. For example, to watch a video, a user can say the voiceLabel (usually the video name), play voiceLabel, see voiceLabel, or watch voiceLabel, etc.\naudio: Music scenario. For example, to listen to a song, a user can say the voiceLabel (usually the song name), play voiceLabel, or listen voiceLabel, etc.\npage: Page scenario. For example, to go to a page, a user can say the voiceLabel (usually the page name), switch to voiceLabel, go to voiceLabel, or jump to voiceLabel, etc.\nswitch: Switch scenario. For example, to turn on or turn off a switch, a user can say the voiceLabel (usually the switch name), turn on voiceLabel, open voiceLabel, turn off voiceLabel, close voiceLabel, etc.common: Common scenario, which is triggered by the voiceLabel.",
          "supportedDevices": [
            "phone",
            "tablet",
            "tv",
            "wearable"
          ]
        }
      ],
      "type": "enum",
      "options": [
        {
          "name": "video"
        },
        {
          "name": "audio"
        },
        {
          "name": "page"
        },
        {
          "name": "switch"
        },
        {
          "name": "common"
        }
      ]
    },
    {
      "name": "accessibilitygroup",
      "supportedDevices": [
        "phone",
        "tablet",
        "tv",
        "wearable"
      ],
      "required": false,
      "version": [
        {
          "name": "v4.0"
        }
      ],
      "description": [
        {
          "name": "Accessibility group. If this attribute is set to true, the component and all its child components form an entire selectable component, and the accessibility service will no longer available for the content of its child components.",
          "supportedDevices": [
            "phone",
            "tablet",
            "tv",
            "wearable"
          ]
        }
      ],
      "type": "enum",
      "options": [
        {
          "name": "true"
        },
        {
          "name": "false"
        }
      ]
    },
    {
      "name": "accessibilitytext",
      "supportedDevices": [
        "phone",
        "tablet",
        "tv",
        "wearable"
      ],
      "required": false,
      "version": [
        {
          "name": "v4.0"
        }
      ],
      "description": [
        {
          "name": "Accessibility text. If a component does not contain text information, it will not be read when the component is selected by the screen reader. In this case, the screen reader user cannot know which component is selected. To solve this problem, you can set this attribute for components without text information. When the component is selected by the screen reader, the specified accessibility text will be read, informing the user which component is selected. If a component with this attribute set contains text information, only the accessibility text will be read.",
          "supportedDevices": [
            "phone",
            "tablet",
            "tv",
            "wearable"
          ]
        }
      ],
      "type": "string"
    },
    {
      "name": "accessibilitydescription",
      "supportedDevices": [
        "phone",
        "tablet",
        "tv",
        "wearable"
      ],
      "required": false,
      "version": [
        {
          "name": "v4.0"
        }
      ],
      "description": [
        {
          "name": "Accessibility description. You can specify further explanation of the current component, for example, possible operation consequences, especially those cannot be learned from component attributes and accessibility text. You can set a detailed description text for the attribute of the component to help users understand the operation to be performed. If a component contains both text information and the accessibility description, the text is read first and then the accessibility description, when the component is selected.",
          "supportedDevices": [
            "phone",
            "tablet",
            "tv",
            "wearable"
          ]
        }
      ],
      "type": "string"
    },
    {
      "name": "accessibilityimportance",
      "supportedDevices": [
        "phone",
        "tablet",
        "tv",
        "wearable"
      ],
      "required": false,
      "version": [
        {
          "name": "v4.0"
        }
      ],
      "description": [
        {
          "name": "Accessibility importance, which is used to decide whether a component can be identified by the accessibility service. The value can be auto, yes, no, or no-hide-descendants. The last value forces the screen reader to ignore the current component and all its subcomponents.\nyes: The current component is selectable for the accessibility service.no: The current component is not selectable for the accessibility service.",
          "supportedDevices": [
            "phone",
            "tablet",
            "tv",
            "wearable"
          ]
        }
      ],
      "type": "string"
    },
    {
      "name": "for",
      "supportedDevices": [
        "phone",
        "tablet",
        "tv",
        "liteWearable",
        "wearable",
        "smartVision"
      ],
      "required": false,
      "version": [
        {
          "name": "v4.0"
        }
      ],
      "description": [
        {
          "name": "Expands the current element based on the configured data list.",
          "supportedDevices": [
            "phone",
            "tablet",
            "tv",
            "liteWearable",
            "wearable",
            "smartVision"
          ]
        }
      ],
      "type": "string"
    },
    {
      "name": "tid",
      "supportedDevices": [
        "phone",
        "tablet",
        "tv",
        "liteWearable",
        "wearable",
        "smartVision"
      ],
      "required": false,
      "version": [
        {
          "name": "v4.0"
        }
      ],
      "description": [
        {
          "name": "The tid attribute accelerates the for loop and improves the re-rendering efficiency when data in a loop changes.\nThe tid attribute specifies the unique ID of each element in the array. If it is not specified, the index of each element in the array is used as the ID. For example, tid=\"id\" indicates that the id attribute of each element is its unique ID.",
          "supportedDevices": [
            "phone",
            "tablet",
            "tv",
            "liteWearable",
            "wearable",
            "smartVision"
          ]
        }
      ],
      "type": "string"
    },
    {
      "name": "if",
      "supportedDevices": [
        "phone",
        "tablet",
        "tv",
        "liteWearable",
        "wearable",
        "smartVision"
      ],
      "required": false,
      "version": [
        {
          "name": "v4.0"
        }
      ],
      "description": [
        {
          "name": "Whether the element is added or removed.",
          "supportedDevices": [
            "phone",
            "tablet",
            "tv",
            "liteWearable",
            "wearable",
            "smartVision"
          ]
        }
      ],
      "type": "enum",
      "options": [
        {
          "name": "true"
        },
        {
          "name": "false"
        }
      ]
    },
    {
      "name": "dir",
      "supportedDevices": [
        "phone",
        "tablet",
        "tv",
        "wearable"
      ],
      "version": [
        {
          "name": "v6.0"
        }
      ],
      "required": false,
      "description": [
        {
          "name": "Sets the element layout mode. The rtl, ltr, and auto attributes can be set.",
          "supportedDevices": [
            "phone",
            "tablet",
            "tv",
            "wearable"
          ]
        }
      ],
      "type": "enum",
      "options": [
        {
          "name": "ltr"
        },
        {
          "name": "rtl"
        },
        {
          "name": "auto"
        }
      ]
    },
    {
      "name": "elif",
      "supportedDevices": [
        "phone",
        "tablet",
        "tv",
        "liteWearable",
        "wearable",
        "smartVision"
      ],
      "required": false,
      "version": [
        {
          "name": "v4.0"
        }
      ],
      "description": [],
      "type": "enum",
      "options": [
        {
          "name": "true"
        },
        {
          "name": "false"
        }
      ]
    },
    {
      "name": "else",
      "supportedDevices": [
        "phone",
        "tablet",
        "tv",
        "liteWearable",
        "wearable",
        "smartVision"
      ],
      "required": false,
      "version": [
        {
          "name": "v4.0"
        }
      ],
      "description": [],
      "type": "string"
    },
    {
      "name": "show",
      "supportedDevices": [
        "phone",
        "tablet",
        "tv",
        "liteWearable",
        "wearable",
        "smartVision"
      ],
      "required": false,
      "version": [
        {
          "name": "v4.0"
        }
      ],
      "description": [
        {
          "name": "Whether the element is displayed or hidden.",
          "supportedDevices": [
            "phone",
            "tablet",
            "tv",
            "liteWearable",
            "wearable",
            "smartVision"
          ]
        }
      ],
      "type": "enum",
      "options": [
        {
          "name": "true"
        },
        {
          "name": "false"
        }
      ]
    }
  ],
  "events": [
    {
      "name": "indexerchange",
      "supportedDevices": ["phone", "tablet", "tv", "wearable"],
      "description": [
        {
          "name": "Multi-language index bar switch event. This parameter is valid only when indexer is set to true and indexermulti is set to true. booleanValue can be true or false.",
          "supportedDevices": ["phone", "tablet", "tv", "wearable"]
        }
      ]
    },
    {
      "name": "scroll",
      "supportedDevices": ["phone", "tablet", "tv", "wearable"],
      "description": [
        {
          "name": "Triggered to indicate the offset and status of list scrolling. stateValue: 0: The list is not scrolling. stateValue: 1: The list is scrolling along with user's touches. stateValue: 2: The list is scrolling after the user lifts their fingers.",
          "supportedDevices": ["phone", "tablet", "tv", "wearable"]
        }
      ]
    },
    {
      "name": "scrollbottom",
      "supportedDevices": ["phone", "tablet", "tv", "wearable"],
      "description": [
        {
          "name": "Triggered when the list is scrolled to the bottom.",
          "supportedDevices": ["phone", "tablet", "tv", "wearable"]
        }
      ]
    },
    {
      "name": "scrolltop",
      "supportedDevices": ["phone", "tablet", "tv", "wearable"],
      "description": [
        {
          "name": "Triggered when the list is scrolled to the top.",
          "supportedDevices": ["phone", "tablet", "tv", "wearable"]
        }
      ]
    },
    {
      "name": "scrollend",
      "supportedDevices": ["phone", "tablet", "tv", "wearable", "smartVision", "liteWearable"],
      "description": [
        {
          "name": "Triggered when the list stops scrolling.",
          "supportedDevices": ["phone", "tablet", "tv", "wearable", "smartVision", "liteWearable"]
        }
      ]
    },
    {
      "name": "scrolltouchup",
      "supportedDevices": ["phone", "tablet", "tv", "wearable"],
      "description": [
        {
          "name": "Triggered when the list continues scrolling after the user lifts their fingers.",
          "supportedDevices": ["phone", "tablet", "tv", "wearable"]
        }
      ]
    },
    {
      "name": "requestitem",
      "supportedDevices": ["phone", "tablet", "tv", "wearable"],
      "description": [
        {
          "name": "Triggered for a request to create a list-item. This event is triggered when the number of cached list-items outside the visible area is less than the value of cachedcount during long list loading with delay.",
          "supportedDevices": ["phone", "tablet", "tv", "wearable"]
        }
      ]
    },
    {
      "name": "touchstart",
      "supportedDevices": [
        "phone",
        "tablet",
        "tv",
        "wearable"
      ],
      "version": [
        {
          "name": "v4.0"
        }
      ],
      "description": [
        {
          "name": "The tapping starts",
          "supportedDevices": [
            "phone",
            "tablet",
            "tv",
            "wearable"
          ]
        }
      ]
    },
    {
      "name": "touchmove",
      "supportedDevices": [
        "phone",
        "tablet",
        "tv",
        "wearable"
      ],
      "version": [
        {
          "name": "v4.0"
        }
      ],
      "description": [
        {
          "name": "The tapping moves.",
          "supportedDevices": [
            "phone",
            "tablet",
            "tv",
            "wearable"
          ]
        }
      ]
    },
    {
      "name": "touchcancel",
      "supportedDevices": [
        "phone",
        "tablet",
        "tv",
        "wearable"
      ],
      "version": [
        {
          "name": "v4.0"
        }
      ],
      "description": [
        {
          "name": "The tapping is interrupted.",
          "supportedDevices": [
            "phone",
            "tablet",
            "tv",
            "wearable"
          ]
        }
      ]
    },
    {
      "name": "touchend",
      "supportedDevices": [
        "phone",
        "tablet",
        "tv",
        "wearable"
      ],
      "version": [
        {
          "name": "v4.0"
        }
      ],
      "description": [
        {
          "name": "The tapping ends.",
          "supportedDevices": [
            "phone",
            "tablet",
            "tv",
            "wearable"
          ]
        }
      ]
    },
    {
      "name": "click",
      "supportedDevices": [
        "phone",
        "tablet",
        "tv",
        "liteWearable",
        "wearable",
        "smartVision"
      ],
      "version": [
        {
          "name": "v4.0"
        }
      ],
      "description": [
        {
          "name": "A component is clicked.",
          "supportedDevices": [
            "phone",
            "tablet",
            "tv",
            "liteWearable",
            "wearable",
            "smartVision"
          ]
        }
      ]
    },
    {
      "name": "longpress",
      "supportedDevices": [
        "phone",
        "tablet",
        "tv",
        "liteWearable",
        "wearable",
        "smartVision"
      ],
      "version": [
        {
          "name": "v4.0"
        }
      ],
      "description": [
        {
          "name": "A component is long pressed.",
          "supportedDevices": [
            "phone",
            "tablet",
            "tv",
            "liteWearable",
            "wearable",
            "smartVision"
          ]
        }
      ]
    },
    {
      "name": "focus",
      "supportedDevices": [
        "phone",
        "tablet",
        "tv",
        "wearable"
      ],
      "version": [
        {
          "name": "v4.0"
        }
      ],
      "description": [
        {
          "name": "A component gains focus. The <span> component cannot gain focus.",
          "supportedDevices": [
            "phone",
            "tablet",
            "tv",
            "wearable"
          ]
        }
      ]
    },
    {
      "name": "blur",
      "supportedDevices": [
        "phone",
        "tablet",
        "tv",
        "wearable"
      ],
      "version": [
        {
          "name": "v4.0"
        }
      ],
      "description": [
        {
          "name": "A component loses focus. The <span> component cannot lose focus.",
          "supportedDevices": [
            "phone",
            "tablet",
            "tv",
            "wearable"
          ]
        }
      ]
    },
    {
      "name": "key",
      "supportedDevices": [
        "phone",
        "tablet",
        "tv",
        "wearable"
      ],
      "version": [
        {
          "name": "v4.0"
        }
      ],
      "description": [
        {
          "name": "A user presses a key on the remote control. Available return values are as follows:\ntrue: returned if the page processes the key event.\nfalse: returned if the default logic is used to process the key event.\nIf no value is returned, false is used as the return value.",
          "supportedDevices": [
            "phone",
            "tablet",
            "tv",
            "wearable"
          ]
        }
      ]
    },
    {
      "name": "swipe",
      "supportedDevices": [
        "phone",
        "tablet",
        "tv",
        "liteWearable",
        "wearable",
        "smartVision"
      ],
      "version": [
        {
          "name": "v5.0"
        }
      ],
      "description": [
        {
          "name": "A user quickly swipes on a component.",
          "supportedDevices": [
            "phone",
            "tablet",
            "tv",
            "liteWearable",
            "wearable",
            "smartVision"
          ]
        }
      ]
    },
    {
      "name": "attached",
      "supportedDevices": [
        "phone",
        "tablet",
        "tv",
        "wearable"
      ],
      "version": [
        {
          "name": "v6.0"
        }
      ],
      "description": [
        {
          "name": "The current component is mounted to the render tree.",
          "supportedDevices": [
            "phone",
            "tablet",
            "tv",
            "wearable"
          ]
        }
      ]
    },
    {
      "name": "detached",
      "supportedDevices": [
        "phone",
        "tablet",
        "tv",
        "wearable"
      ],
      "version": [
        {
          "name": "v6.0"
        }
      ],
      "description": [
        {
          "name": "The current component is removed from the render tree.",
          "supportedDevices": [
            "phone",
            "tablet",
            "tv",
            "wearable"
          ]
        }
      ]
    },
    {
      "name": "accessibility",
      "supportedDevices": [
        "phone",
        "tablet",
        "tv",
        "wearable"
      ],
      "version": [
        {
          "name": "v4.0"
        }
      ],
      "description": [
        {
          "name": "Event dispatched by the accessibility service.",
          "supportedDevices": [
            "phone",
            "tablet",
            "tv",
            "wearable"
          ]
        }
      ]
    }
  ],
  "supportedSubComponents": true,
  "supportedSubComponentsRestriction": [
    {
      "name": "list-item-group",
      "supportedDevices": ["phone", "tablet", "tv", "wearable"],
      "level": 1
    },
    {
      "name": "list-item",
      "supportedDevices": ["phone", "tablet", "tv", "wearable"],
      "level": 2
    },
    {
      "name": "block",
      "supportedDevices": ["phone", "tablet", "tv", "wearable"]
    }
  ],
  "unSupportSubComponentsRestriction": [],
  "parentComponentsRestriction": []
}
