{
  "name": "stepper",
  "version": [
    {
      "name": "v4.0"
    }
  ],
  "supportedDevices": ["phone", "tablet"],
  "description": [
    {
      "name": "Step Navigator. When multiple steps are required to complete a task, you can use the Step Navigator to show the current progress.",
      "supportedDevices": ["phone", "tablet"]
    }
  ],
  "attributes": [
    {
      "name": "index",
      "supportedDevices": ["phone", "tablet"],
      "required": false,
      "description": [
        {
          "name": "Sets the sequence number of the stepper-item subcomponent to be displayed in the step navigator step.",
          "supportedDevices": ["phone", "tablet"]
        }
      ],
      "type": "number"
    },
    {
      "name": "voicelabel",
      "supportedDevices": ["phone", "tablet"],
      "required": false,
      "description": [
        {
          "name": "Voice label. When a voice label is triggered, the click event of the component is triggered. NOTE: The voice label takes effect only when the click event is set.",
          "supportedDevices": ["phone", "tablet"]
        }
      ],
      "type": "string"
    },
    {
      "name": "subscriptflag",
      "supportedDevices": ["phone", "tablet"],
      "required": false,
      "description": [
        {
          "name": "Voice subscript switch. Available values are as follows: auto: For the <image> and <list-item> components, if subscriptflag is set to auto, the voice subscript is turned on. For other components, if subscriptflag is set to auto, the voice subscript is turned off. on: Turn on the voice subscript. off: Turn off the voice subscript. If no customized subscript is set, the subscript is automatically accumulated from 1. NOTE The voice subscript takes effect only when the click event is set.",
          "supportedDevices": ["phone", "tablet"]
        }
      ],
      "type": "enum",
      "options": [
        {
          "name": "auto"
        },
        {
          "name": "on"
        },
        {
          "name": "off"
        }
      ]
    },
    {
      "name": "subscriptlabel",
      "supportedDevices": ["phone", "tablet"],
      "required": false,
      "description": [
        {
          "name": "Custom subscript. After it is set, the subscript is displayed in the way you specified. To make this attribute take effect, you need to turn on the voice subscript.",
          "supportedDevices": ["phone", "tablet"]
        }
      ],
      "type": "string"
    },
    {
      "name": "scenelabel",
      "supportedDevices": ["phone", "tablet", "tv"],
      "required": false,
      "description": [
        {
          "name": "Available values are as follows: video: Video scenario. For example, to watch a video, a user can say the voiceLabel (usually the video name), play voiceLabel, see voiceLabel, or watch voiceLabel, etc. audio: Music scenario. For example, to listen to a song, a user can say the voiceLabel (usually the song name), play voiceLabel, or listen voiceLabel, etc. page: Page scenario. For example, to go to a page, a user can say the voiceLabel (usually the page name), switch to voiceLabel, go to voiceLabel, or jump to voiceLabel, etc. switch: Switch scenario. For example, to turn on or turn off a switch, a user can say the voiceLabel (usually the switch name), turn on voiceLabel, open voiceLabel, turn off voiceLabel, close voiceLabel, etc. common: Common scenario, which is triggered by the voiceLabel.",
          "supportedDevices": ["phone", "tablet", "tv"]
        }
      ],
      "type": "enum",
      "options": [
        {
          "name": "video"
        },
        {
          "name": "audio"
        },
        {
          "name": "page"
        },
        {
          "name": "switch"
        },
        {
          "name": "common"
        }
      ]
    },
    {
      "name": "accessibilitygroup",
      "supportedDevices": ["phone", "tablet"],
      "required": false,
      "description": [
        {
          "name": "Accessibility group. If this attribute is set to true, the component and all its child components form an entire selectable component, and the accessibility service will no longer available for the content of its child components.",
          "supportedDevices": ["phone", "tablet"]
        }
      ],
      "type": "enum",
      "options": [
        {
          "name": "true"
        },
        {
          "name": "false"
        }
      ]
    },
    {
      "name": "accessibilitytext",
      "supportedDevices": ["phone", "tablet"],
      "required": false,
      "description": [
        {
          "name": "Accessibility text. If a component does not contain text information, it will not be read when the component is selected by the screen reader. In this case, the screen reader user cannot know which component is selected. To solve this problem, you can set this attribute for components without text information. When the component is selected by the screen reader, the specified accessibility text will be read, informing the user which component is selected. If a component with this attribute set contains text information, only the accessibility text will be read.",
          "supportedDevices": ["phone", "tablet"]
        }
      ],
      "type": "string"
    },
    {
      "name": "accessibilitydescription",
      "supportedDevices": ["phone", "tablet"],
      "required": false,
      "description": [
        {
          "name": "Accessibility description. You can specify further explanation of the current component, for example, possible operation consequences, especially those cannot be learned from component attributes and accessibility text. You can set a detailed description text for the attribute of the component to help users understand the operation to be performed. If a component contains both text information and the accessibility description, the text is read first and then the accessibility description, when the component is selected.",
          "supportedDevices": ["phone", "tablet"]
        }
      ],
      "type": "string"
    },
    {
      "name": "accessibilityimportance",
      "supportedDevices": ["phone", "tablet"],
      "required": false,
      "description": [
        {
          "name": "Accessibility importance, which is used to decide whether a component can be identified by the accessibility service. The value can be auto, yes, no, or no-hide-descendants. The last value forces the screen reader to ignore the current component and all its subcomponents. yes: The current component is selectable for the accessibility service. no: The current component is not selectable for the accessibility service.",
          "supportedDevices": ["phone", "tablet"]
        }
      ],
      "type": "string"
    },
    {
      "name": "if",
      "supportedDevices": ["phone", "tablet"],
      "required": false,
      "description": [
        {
          "name": "Whether the element is added or removed.",
          "supportedDevices": ["phone", "tablet"]
        }
      ],
      "type": "enum",
      "options": [
        {
          "name": "true"
        },
        {
          "name": "false"
        }
      ]
    },
    {
      "name": "dir",
      "supportedDevices": ["phone", "tablet", "tv", "wearable"],
      "required": false,
      "description": [
        {
          "name": "Specify the text direction of an element.",
          "supportedDevices": ["phone", "tablet", "tv", "wearable"]
        }
      ],
      "type": "enum",
      "options": [
        {
          "name": "ltr"
        },
        {
          "name": "rtl"
        },
        {
          "name": "auto"
        }
      ]
    },
    {
      "name": "elif",
      "supportedDevices": ["phone", "tablet"],
      "required": false,
      "description": [],
      "type": "enum",
      "options": [
        {
          "name": "true"
        },
        {
          "name": "false"
        }
      ]
    },
    {
      "name": "else",
      "supportedDevices": ["phone", "tablet"],
      "required": false,
      "description": [],
      "type": "string"
    },
    {
      "name": "for",
      "supportedDevices": ["phone", "tablet"],
      "required": false,
      "description": [
        {
          "name": "Expands the current element based on the configured data list.",
          "supportedDevices": ["phone", "tablet"]
        }
      ],
      "type": "string"
    },
    {
      "name": "tid",
      "supportedDevices": ["phone", "tablet"],
      "required": false,
      "description": [
        {
          "name": "The tid attribute is used to accelerate the for loop. It is used to improve the re-rendering efficiency when data in a loop changes. The tid attribute specifies the unique ID of each element in the array. If it is not specified, the index of each element in the array is used as the ID. For example, tid='id' indicates that the id attribute of each element is its unique identifier.",
          "supportedDevices": ["phone", "tablet"]
        }
      ],
      "type": "string"
    },
    {
      "name": "show",
      "supportedDevices": ["phone", "tablet"],
      "required": false,
      "description": [
        {
          "name": "Whether the element is displayed or hidden.",
          "supportedDevices": ["phone", "tablet"]
        }
      ],
      "type": "enum",
      "options": [
        {
          "name": "true"
        },
        {
          "name": "false"
        }
      ]
    },
    {
      "name": "shareid",
      "supportedDevices": ["phone", "tablet"],
      "required": false,
      "description": [
        {
          "name": "Used for the transition of shared elements and takes effect only when it is configured. This attribute cannot be modified after being set. list-item, image, text, button, label components are supported for the transition of shared elements.",
          "supportedDevices": ["phone", "tablet"]
        }
      ],
      "type": "string"
    }
  ],
  "events": [
    {
      "name": "finish",
      "supportedDevices": ["phone", "tablet"],
      "description": [
        {
          "name": "Triggers when the last step of the Step Navigator completes.",
          "supportedDevices": ["phone", "tablet"]
        }
      ]
    },
    {
      "name": "skip",
      "supportedDevices": ["phone", "tablet"],
      "description": [
        {
          "name": "This event is triggered when the setNextButtonStatus method is used to set the current step navigator to skip, and the skip button is clicked on the right.",
          "supportedDevices": ["phone", "tablet"]
        }
      ]
    },
    {
      "name": "change",
      "supportedDevices": ["phone", "tablet"],
      "description": [
        {
          "name": "This event is triggered when the step navigator clicks the text button on the left or right to switch steps. prevIndex indicates the sequence number of the old step, and index indicates the sequence number of the new step.",
          "supportedDevices": ["phone", "tablet"]
        }
      ]
    },
    {
      "name": "next",
      "supportedDevices": ["phone", "tablet"],
      "description": [
        {
          "name": "This event is triggered when a subscriber clicks the Next button. index indicates the sequence number of the current step, and pendingIndex indicates the sequence number to be redirected to. This event has a return value in the format of {pendingIndex:pendingIndex}. You can specify pendingIndex to modify which stepper-item subcomponent is used in the next step.",
          "supportedDevices": ["phone", "tablet"]
        }
      ]
    },
    {
      "name": "back",
      "supportedDevices": ["phone", "tablet"],
      "description": [
        {
          "name": "This event is triggered when a subscriber clicks the previous button. index indicates the sequence number of the current step, and pendingIndex indicates the sequence number of the jump to. This event has a return value in the Object:{pendingIndex:pendingIndex} format. You can specify pendingIndex to modify which stepper-item subcomponent is used in the previous step.",
          "supportedDevices": ["phone", "tablet"]
        }
      ]
    },
    {
      "name": "touchstart",
      "supportedDevices": [
        "phone",
        "tablet",
        "tv",
        "wearable"
      ],
      "version": [
        {
          "name": "v4.0"
        }
      ],
      "description": [
        {
          "name": "The tapping starts",
          "supportedDevices": [
            "phone",
            "tablet",
            "tv",
            "wearable"
          ]
        }
      ]
    },
    {
      "name": "touchmove",
      "supportedDevices": [
        "phone",
        "tablet",
        "tv",
        "wearable"
      ],
      "version": [
        {
          "name": "v4.0"
        }
      ],
      "description": [
        {
          "name": "The tapping moves.",
          "supportedDevices": [
            "phone",
            "tablet",
            "tv",
            "wearable"
          ]
        }
      ]
    },
    {
      "name": "touchcancel",
      "supportedDevices": [
        "phone",
        "tablet",
        "tv",
        "wearable"
      ],
      "version": [
        {
          "name": "v4.0"
        }
      ],
      "description": [
        {
          "name": "The tapping is interrupted.",
          "supportedDevices": [
            "phone",
            "tablet",
            "tv",
            "wearable"
          ]
        }
      ]
    },
    {
      "name": "touchend",
      "supportedDevices": [
        "phone",
        "tablet",
        "tv",
        "wearable"
      ],
      "version": [
        {
          "name": "v4.0"
        }
      ],
      "description": [
        {
          "name": "The tapping ends.",
          "supportedDevices": [
            "phone",
            "tablet",
            "tv",
            "wearable"
          ]
        }
      ]
    },
    {
      "name": "click",
      "supportedDevices": [
        "phone",
        "tablet",
        "tv",
        "liteWearable",
        "wearable",
        "smartVision"
      ],
      "version": [
        {
          "name": "v4.0"
        }
      ],
      "description": [
        {
          "name": "A component is clicked.",
          "supportedDevices": [
            "phone",
            "tablet",
            "tv",
            "liteWearable",
            "wearable",
            "smartVision"
          ]
        }
      ]
    },
    {
      "name": "longpress",
      "supportedDevices": [
        "phone",
        "tablet",
        "tv",
        "liteWearable",
        "wearable",
        "smartVision"
      ],
      "version": [
        {
          "name": "v4.0"
        }
      ],
      "description": [
        {
          "name": "A component is long pressed.",
          "supportedDevices": [
            "phone",
            "tablet",
            "tv",
            "liteWearable",
            "wearable",
            "smartVision"
          ]
        }
      ]
    },
    {
      "name": "focus",
      "supportedDevices": [
        "phone",
        "tablet",
        "tv",
        "wearable"
      ],
      "version": [
        {
          "name": "v4.0"
        }
      ],
      "description": [
        {
          "name": "A component gains focus. The <span> component cannot gain focus.",
          "supportedDevices": [
            "phone",
            "tablet",
            "tv",
            "wearable"
          ]
        }
      ]
    },
    {
      "name": "blur",
      "supportedDevices": [
        "phone",
        "tablet",
        "tv",
        "wearable"
      ],
      "version": [
        {
          "name": "v4.0"
        }
      ],
      "description": [
        {
          "name": "A component loses focus. The <span> component cannot lose focus.",
          "supportedDevices": [
            "phone",
            "tablet",
            "tv",
            "wearable"
          ]
        }
      ]
    },
    {
      "name": "key",
      "supportedDevices": [
        "phone",
        "tablet",
        "tv",
        "wearable"
      ],
      "version": [
        {
          "name": "v4.0"
        }
      ],
      "description": [
        {
          "name": "A user presses a key on the remote control. Available return values are as follows:\ntrue: returned if the page processes the key event.\nfalse: returned if the default logic is used to process the key event.\nIf no value is returned, false is used as the return value.",
          "supportedDevices": [
            "phone",
            "tablet",
            "tv",
            "wearable"
          ]
        }
      ]
    },
    {
      "name": "swipe",
      "supportedDevices": [
        "phone",
        "tablet",
        "tv",
        "liteWearable",
        "wearable",
        "smartVision"
      ],
      "version": [
        {
          "name": "v5.0"
        }
      ],
      "description": [
        {
          "name": "A user quickly swipes on a component.",
          "supportedDevices": [
            "phone",
            "tablet",
            "tv",
            "liteWearable",
            "wearable",
            "smartVision"
          ]
        }
      ]
    },
    {
      "name": "attached",
      "supportedDevices": [
        "phone",
        "tablet",
        "tv",
        "wearable"
      ],
      "version": [
        {
          "name": "v6.0"
        }
      ],
      "description": [
        {
          "name": "The current component is mounted to the render tree.",
          "supportedDevices": [
            "phone",
            "tablet",
            "tv",
            "wearable"
          ]
        }
      ]
    },
    {
      "name": "detached",
      "supportedDevices": [
        "phone",
        "tablet",
        "tv",
        "wearable"
      ],
      "version": [
        {
          "name": "v6.0"
        }
      ],
      "description": [
        {
          "name": "The current component is removed from the render tree.",
          "supportedDevices": [
            "phone",
            "tablet",
            "tv",
            "wearable"
          ]
        }
      ]
    },
    {
      "name": "accessibility",
      "supportedDevices": [
        "phone",
        "tablet",
        "tv",
        "wearable"
      ],
      "version": [
        {
          "name": "v4.0"
        }
      ],
      "description": [
        {
          "name": "Event dispatched by the accessibility service.",
          "supportedDevices": [
            "phone",
            "tablet",
            "tv",
            "wearable"
          ]
        }
      ]
    }
  ],
  "supportedSubComponents": true,
  "supportedSubComponentsRestriction": [
    {
      "name": "stepper-item",
      "supportedDevices": ["phone", "tablet"]
    }
  ],
  "unSupportSubComponentsRestriction": [],
  "parentComponentsRestriction": []
}
